-- phpMyAdmin SQL Dump
-- version 4.7.4
-- https://www.phpmyadmin.net/
--
-- Host: 127.0.0.1
-- Generation Time: Dec 22, 2017 at 02:58 PM
-- Server version: 10.1.26-MariaDB
-- PHP Version: 7.1.9

SET SQL_MODE = "NO_AUTO_VALUE_ON_ZERO";
SET AUTOCOMMIT = 0;
START TRANSACTION;
SET time_zone = "+00:00";


/*!40101 SET @OLD_CHARACTER_SET_CLIENT=@@CHARACTER_SET_CLIENT */;
/*!40101 SET @OLD_CHARACTER_SET_RESULTS=@@CHARACTER_SET_RESULTS */;
/*!40101 SET @OLD_COLLATION_CONNECTION=@@COLLATION_CONNECTION */;
/*!40101 SET NAMES utf8mb4 */;

--
-- Database: `eapi_db`
--

-- --------------------------------------------------------

--
-- Table structure for table `migrations`
--

CREATE TABLE `migrations` (
  `id` int(10) UNSIGNED NOT NULL,
  `migration` varchar(255) COLLATE utf8mb4_unicode_ci NOT NULL,
  `batch` int(11) NOT NULL
) ENGINE=InnoDB DEFAULT CHARSET=utf8mb4 COLLATE=utf8mb4_unicode_ci;

--
-- Dumping data for table `migrations`
--

INSERT INTO `migrations` (`id`, `migration`, `batch`) VALUES
(1, '2017_12_22_105740_create_products_table', 1),
(2, '2017_12_22_110055_create_reviews_table', 1);

-- --------------------------------------------------------

--
-- Table structure for table `password_resets`
--

CREATE TABLE `password_resets` (
  `email` varchar(255) COLLATE utf8mb4_unicode_ci NOT NULL,
  `token` varchar(255) COLLATE utf8mb4_unicode_ci NOT NULL,
  `created_at` timestamp NULL DEFAULT NULL
) ENGINE=InnoDB DEFAULT CHARSET=utf8mb4 COLLATE=utf8mb4_unicode_ci;

-- --------------------------------------------------------

--
-- Table structure for table `products`
--

CREATE TABLE `products` (
  `id` int(10) UNSIGNED NOT NULL,
  `name` varchar(255) COLLATE utf8mb4_unicode_ci NOT NULL,
  `detail` text COLLATE utf8mb4_unicode_ci NOT NULL,
  `price` int(11) NOT NULL,
  `stock` int(11) NOT NULL,
  `discount` int(11) NOT NULL,
  `created_at` timestamp NULL DEFAULT NULL,
  `updated_at` timestamp NULL DEFAULT NULL
) ENGINE=InnoDB DEFAULT CHARSET=utf8mb4 COLLATE=utf8mb4_unicode_ci;

--
-- Dumping data for table `products`
--

INSERT INTO `products` (`id`, `name`, `detail`, `price`, `stock`, `discount`, `created_at`, `updated_at`) VALUES
(1, 'officia', 'Exercitationem sapiente laboriosam adipisci rem impedit ut. Dolor nisi quod at cupiditate est. Eligendi qui dolores est beatae.', 856, 4, 27, '2017-12-22 08:53:32', '2017-12-22 08:53:32'),
(2, 'ea', 'Tempora illo perferendis voluptatem et debitis. Ullam facilis voluptatem fuga quibusdam eius placeat. Provident ratione sit vitae et atque.', 493, 1, 30, '2017-12-22 08:53:32', '2017-12-22 08:53:32'),
(3, 'quos', 'Maxime vel autem debitis dolorem ea. Cum eos iure harum velit. Et est autem id animi iste omnis ullam. Hic nostrum eum vel velit fuga facere voluptatem ea.', 480, 8, 3, '2017-12-22 08:53:32', '2017-12-22 08:53:32'),
(4, 'explicabo', 'Aut et omnis at rem dolor. Quibusdam molestiae sint error eaque et architecto consequatur. Libero sint accusantium praesentium vero rerum et quia.', 650, 7, 20, '2017-12-22 08:53:32', '2017-12-22 08:53:32'),
(5, 'a', 'Excepturi et cum sed enim veritatis rerum est. Voluptatem vel consectetur mollitia quia aliquam. Sunt ducimus esse dolorem a. Voluptatibus nemo sit dignissimos.', 519, 7, 24, '2017-12-22 08:53:32', '2017-12-22 08:53:32'),
(6, 'soluta', 'Sunt laudantium dolores dolore ab. Pariatur blanditiis est fugit debitis. Ut molestiae itaque et earum maiores. Qui numquam dolor nobis iure.', 194, 0, 21, '2017-12-22 08:53:32', '2017-12-22 08:53:32'),
(7, 'vel', 'Dolore illum exercitationem eligendi. Quia nobis voluptas nisi. A magni expedita sint provident. Ipsam sed sit eos nesciunt voluptate eaque.', 899, 9, 20, '2017-12-22 08:53:32', '2017-12-22 08:53:32'),
(8, 'qui', 'Veniam beatae molestiae non eveniet. Rerum magnam in repudiandae cupiditate rerum quam.', 521, 0, 11, '2017-12-22 08:53:33', '2017-12-22 08:53:33'),
(9, 'nam', 'Aut quia quibusdam voluptatem fugit. Exercitationem amet consequatur autem est nam. Autem natus nostrum aut cupiditate enim sed et. Veniam commodi cumque hic dicta eveniet quas.', 238, 8, 22, '2017-12-22 08:53:33', '2017-12-22 08:53:33'),
(10, 'quis', 'Molestiae velit qui et adipisci cupiditate. Quaerat quia et aut vel et repellat. Maiores aperiam aut veritatis in doloremque modi officiis. Dolorem perspiciatis ea ut quia saepe distinctio.', 571, 7, 21, '2017-12-22 08:53:33', '2017-12-22 08:53:33'),
(11, 'incidunt', 'Fuga eveniet inventore voluptatem voluptas vitae quas. In aspernatur accusantium ipsam est. Consectetur perferendis odio assumenda earum quis alias repudiandae.', 437, 5, 8, '2017-12-22 08:53:33', '2017-12-22 08:53:33'),
(12, 'magnam', 'Soluta incidunt inventore modi voluptate porro velit quia. Culpa nisi officiis id. Delectus nobis voluptatem adipisci mollitia non in. Ad quia accusamus accusamus et illo in.', 128, 1, 17, '2017-12-22 08:53:33', '2017-12-22 08:53:33'),
(13, 'suscipit', 'Deserunt architecto sint id neque enim quos quibusdam. Sint laborum atque ut temporibus exercitationem voluptatibus cumque consectetur. Officia possimus amet quas deserunt iusto iusto. Et quia et vel dolorum consequuntur doloremque.', 995, 4, 4, '2017-12-22 08:53:33', '2017-12-22 08:53:33'),
(14, 'totam', 'Iure harum cumque ut rerum nostrum. Ut cumque veritatis nobis. Maiores minus veniam accusantium mollitia. Et culpa et saepe voluptates quod eum quia.', 895, 6, 28, '2017-12-22 08:53:33', '2017-12-22 08:53:33'),
(15, 'sed', 'Veritatis laborum quia sit qui eaque eos a. Est incidunt culpa id eos omnis excepturi.', 329, 6, 21, '2017-12-22 08:53:33', '2017-12-22 08:53:33'),
(16, 'facilis', 'Ipsum voluptatem ut commodi cupiditate. Vero dolores suscipit nam explicabo. Consequuntur aut esse et sint molestiae ut facere.', 523, 2, 2, '2017-12-22 08:53:33', '2017-12-22 08:53:33'),
(17, 'aut', 'In saepe iste quia aperiam sunt qui. Provident est cumque fugiat doloribus. Repellendus voluptatem nesciunt adipisci quis velit. Eveniet aut et dolores aut incidunt maxime.', 504, 7, 13, '2017-12-22 08:53:33', '2017-12-22 08:53:33'),
(18, 'soluta', 'Quibusdam voluptas odio dolorem omnis officia quaerat veniam. Ipsa sapiente vero libero fuga. Aut neque et rerum est. Rerum aut sequi non maiores voluptas quas quam. Qui sit voluptas sequi consequatur reiciendis eos.', 780, 4, 8, '2017-12-22 08:53:33', '2017-12-22 08:53:33'),
(19, 'tempora', 'Molestiae doloremque sunt cupiditate doloribus voluptatum qui molestiae voluptate. Debitis eum molestias dicta ipsam omnis qui. Pariatur amet error inventore debitis et.', 319, 3, 8, '2017-12-22 08:53:33', '2017-12-22 08:53:33'),
(20, 'consequuntur', 'Excepturi omnis dolor dolor necessitatibus. Optio a alias quas tenetur tenetur ut fuga. Ex veritatis et cum.', 572, 6, 15, '2017-12-22 08:53:33', '2017-12-22 08:53:33'),
(21, 'et', 'Corrupti qui occaecati aut nemo et iure. Rerum nesciunt odio inventore temporibus accusamus. Molestiae non similique ut et odio.', 947, 9, 13, '2017-12-22 08:53:33', '2017-12-22 08:53:33'),
(22, 'provident', 'Consectetur possimus velit at explicabo animi vero. Et maiores exercitationem voluptatum minus itaque rerum omnis quaerat. Quod dolorem soluta perferendis atque nesciunt.', 505, 4, 30, '2017-12-22 08:53:33', '2017-12-22 08:53:33'),
(23, 'fugit', 'Sed exercitationem ea harum facilis velit. Expedita voluptas harum quisquam ab. Ut et aperiam ipsa et qui itaque molestias ipsa.', 484, 5, 6, '2017-12-22 08:53:33', '2017-12-22 08:53:33'),
(24, 'nisi', 'Voluptatibus fugiat ipsa non. Ipsam dicta soluta non rem dolore. Et perferendis a sed rerum ut dolor. Explicabo quae iste qui consequatur.', 318, 9, 13, '2017-12-22 08:53:33', '2017-12-22 08:53:33'),
(25, 'ut', 'Dolor cupiditate ratione deserunt rerum ipsam error. Quia non id ut vitae. In consequatur quasi ut in.', 943, 2, 4, '2017-12-22 08:53:33', '2017-12-22 08:53:33'),
(26, 'vel', 'Quisquam enim perferendis vel omnis. Officia aut temporibus nobis blanditiis aperiam velit et voluptatem. Sequi veniam a dolor architecto iste aliquam deserunt.', 515, 5, 29, '2017-12-22 08:53:33', '2017-12-22 08:53:33'),
(27, 'accusamus', 'Laudantium cupiditate nulla non qui et. Rem quia facilis sunt explicabo itaque ducimus. Et quia blanditiis non voluptatem dolorem.', 521, 8, 6, '2017-12-22 08:53:33', '2017-12-22 08:53:33'),
(28, 'distinctio', 'Rerum omnis doloribus eum quae ex odit minus. Nemo facilis soluta dolorem omnis et nihil non. Consequatur ipsa odit sed qui deleniti vitae sed voluptatem.', 807, 6, 19, '2017-12-22 08:53:33', '2017-12-22 08:53:33'),
(29, 'nisi', 'Incidunt et ut est enim ut. Quos fugit officia voluptate enim dicta ut. Debitis magni laudantium rerum est enim et.', 775, 1, 4, '2017-12-22 08:53:33', '2017-12-22 08:53:33'),
(30, 'libero', 'Accusamus magni quod et occaecati et animi. Illo voluptatibus eveniet occaecati aut consequatur pariatur dolores. Minima sit praesentium sed sit aperiam dolorum assumenda.', 535, 0, 27, '2017-12-22 08:53:33', '2017-12-22 08:53:33'),
(31, 'sint', 'Error dolorum et nihil sint facere. Facere qui blanditiis dolores voluptatem reiciendis. Rerum voluptate natus aut minima dolor exercitationem.', 187, 1, 25, '2017-12-22 08:53:33', '2017-12-22 08:53:33'),
(32, 'neque', 'Quae animi et iusto et et iure at officia. Saepe et blanditiis aut excepturi consequuntur vel dicta. Et est ea non.', 710, 9, 13, '2017-12-22 08:53:33', '2017-12-22 08:53:33'),
(33, 'voluptatum', 'Omnis voluptatibus incidunt deleniti nesciunt. Quia in eos ratione rerum praesentium voluptate accusantium.', 404, 7, 21, '2017-12-22 08:53:33', '2017-12-22 08:53:33'),
(34, 'qui', 'Dolores dignissimos unde odit quidem aut. Voluptas atque aut dolor et quis. Ea in atque enim totam alias.', 583, 8, 3, '2017-12-22 08:53:33', '2017-12-22 08:53:33'),
(35, 'sapiente', 'Ullam veritatis occaecati sed ad illum deleniti vel. Suscipit hic aut molestiae ab. Sed aut accusamus sunt repellendus.', 294, 0, 18, '2017-12-22 08:53:33', '2017-12-22 08:53:33'),
(36, 'aut', 'Cupiditate quod aut et. Dolorum esse animi nihil odit sapiente. Autem rerum ut sed et quae qui velit. Tenetur quisquam earum aut vitae. Eos deleniti minus architecto ipsam ducimus.', 504, 4, 29, '2017-12-22 08:53:33', '2017-12-22 08:53:33'),
(37, 'omnis', 'Eveniet architecto assumenda mollitia totam et dolore sed velit. Est aut alias rerum ratione et vel libero. Ad qui nesciunt accusantium tenetur voluptas non porro. Voluptatum vel aut porro eos numquam deleniti culpa ipsa.', 781, 5, 3, '2017-12-22 08:53:33', '2017-12-22 08:53:33'),
(38, 'fuga', 'Voluptatem cum eaque cumque incidunt. Eligendi impedit quibusdam rerum iure accusamus. Nisi esse quis reprehenderit deserunt. Dolore quo ut praesentium ut sint.', 492, 7, 20, '2017-12-22 08:53:33', '2017-12-22 08:53:33'),
(39, 'et', 'Error temporibus accusantium aspernatur similique. Quaerat repellendus tempora aliquam sapiente. Accusantium necessitatibus sequi nostrum non recusandae dolore non. Ullam inventore beatae illo ipsa dolor id.', 929, 2, 13, '2017-12-22 08:53:33', '2017-12-22 08:53:33'),
(40, 'quasi', 'Totam temporibus ut repellat ut. Aut aut maxime sit quibusdam eaque ad est.', 546, 6, 11, '2017-12-22 08:53:33', '2017-12-22 08:53:33'),
(41, 'vel', 'Enim ut qui tempora sunt ut enim. Ipsam in sint at ratione.', 657, 9, 4, '2017-12-22 08:53:33', '2017-12-22 08:53:33'),
(42, 'officiis', 'Consequuntur id possimus recusandae. Quos molestiae voluptas et culpa dignissimos commodi ea. Sunt exercitationem ipsum itaque quisquam. Fugit quisquam et sit rerum illum. Impedit esse maiores voluptatem.', 399, 1, 13, '2017-12-22 08:53:33', '2017-12-22 08:53:33'),
(43, 'sit', 'Ab aliquid blanditiis alias ratione et. Est iste quas nemo est. Unde voluptatum rerum dolor voluptates expedita nihil.', 833, 1, 25, '2017-12-22 08:53:33', '2017-12-22 08:53:33'),
(44, 'laboriosam', 'Ipsam doloremque totam rerum ut sequi reprehenderit consectetur. Ut soluta quo voluptatum eaque exercitationem. Tenetur eum aut dolorum ipsam sequi. Ut hic vel hic.', 573, 0, 13, '2017-12-22 08:53:33', '2017-12-22 08:53:33'),
(45, 'atque', 'Dolor natus quaerat voluptates omnis. Voluptas saepe impedit enim. Hic aut sunt alias eveniet et. Quia corrupti voluptas ducimus reprehenderit.', 771, 3, 12, '2017-12-22 08:53:33', '2017-12-22 08:53:33'),
(46, 'ut', 'Debitis rerum ipsa id delectus sed. Iusto velit cum aut est. Maiores facilis est qui tempore ullam nesciunt et.', 210, 4, 10, '2017-12-22 08:53:33', '2017-12-22 08:53:33'),
(47, 'eligendi', 'Esse exercitationem commodi optio in id sunt aut. Minus optio dolorem a ea et ullam. Tempore deserunt omnis voluptas.', 331, 8, 15, '2017-12-22 08:53:33', '2017-12-22 08:53:33'),
(48, 'pariatur', 'Delectus ipsum dolor perspiciatis vero quae soluta. Aut dolor provident odio at officia totam. Quae dicta est praesentium non. Laborum maxime nemo velit.', 616, 0, 14, '2017-12-22 08:53:33', '2017-12-22 08:53:33'),
(49, 'in', 'Autem aut sed nulla accusamus illum. Voluptatem assumenda aperiam occaecati occaecati quos. Culpa quasi totam aliquam sed iure.', 877, 9, 2, '2017-12-22 08:53:33', '2017-12-22 08:53:33'),
(50, 'dolores', 'Dicta consequatur non quia aut voluptatem molestiae culpa aspernatur. Occaecati est aut expedita explicabo. Nobis amet reiciendis inventore quos quo eum. Culpa dolor cupiditate qui sapiente.', 490, 5, 20, '2017-12-22 08:53:33', '2017-12-22 08:53:33');

-- --------------------------------------------------------

--
-- Table structure for table `reviews`
--

CREATE TABLE `reviews` (
  `id` int(10) UNSIGNED NOT NULL,
  `product_id` int(10) UNSIGNED NOT NULL,
  `customer` varchar(255) COLLATE utf8mb4_unicode_ci NOT NULL,
  `review` text COLLATE utf8mb4_unicode_ci NOT NULL,
  `star` int(11) NOT NULL,
  `created_at` timestamp NULL DEFAULT NULL,
  `updated_at` timestamp NULL DEFAULT NULL
) ENGINE=InnoDB DEFAULT CHARSET=utf8mb4 COLLATE=utf8mb4_unicode_ci;

--
-- Dumping data for table `reviews`
--

INSERT INTO `reviews` (`id`, `product_id`, `customer`, `review`, `star`, `created_at`, `updated_at`) VALUES
(1, 37, 'Christelle Reichert', 'Deleniti praesentium debitis nihil dolorum. Occaecati excepturi harum debitis voluptas qui quibusdam reiciendis. Occaecati harum aperiam quod rem.', 2, '2017-12-22 08:53:34', '2017-12-22 08:53:34'),
(2, 7, 'Cary King', 'Illum id aut quia mollitia. Sequi pariatur fugiat aut quod sed. Explicabo ipsa quaerat distinctio enim neque possimus.', 1, '2017-12-22 08:53:34', '2017-12-22 08:53:34'),
(3, 10, 'Johnathon Hansen II', 'Error et cumque laborum. Culpa nemo velit suscipit rerum rerum ut. Nemo itaque culpa et voluptates.', 5, '2017-12-22 08:53:34', '2017-12-22 08:53:34'),
(4, 22, 'Dr. Arnulfo Bradtke', 'Quidem delectus quia ea modi laboriosam autem. Id vel voluptatum provident reiciendis non. Dolore et quis ex quos. Amet quidem illo vel corporis in ut.', 2, '2017-12-22 08:53:34', '2017-12-22 08:53:34'),
(5, 13, 'Polly Klocko', 'Quisquam eos quidem voluptatem deserunt quis. Rerum nisi aut incidunt similique repellat. Consequatur sint quis aliquid at.', 5, '2017-12-22 08:53:34', '2017-12-22 08:53:34'),
(6, 32, 'Hosea Reichel', 'Omnis reiciendis porro ex non. Dolor aliquid voluptates quam ipsa. Ea et est dolorem error officiis saepe. Eveniet adipisci voluptate id nulla sed explicabo ipsum.', 5, '2017-12-22 08:53:34', '2017-12-22 08:53:34'),
(7, 29, 'Michale Nienow', 'Qui dolore cum suscipit sunt dolor maiores. Explicabo harum dolores voluptas explicabo sunt et libero quidem. Tenetur architecto debitis molestiae quae veniam cumque.', 0, '2017-12-22 08:53:34', '2017-12-22 08:53:34'),
(8, 17, 'Avery Rice III', 'Occaecati sunt esse ut similique. Sit consequuntur cumque et dolorum. Et ratione molestias explicabo nulla et totam dolorem officiis.', 2, '2017-12-22 08:53:34', '2017-12-22 08:53:34'),
(9, 10, 'Idella Sipes Jr.', 'Eos quam ea nam natus voluptatibus quia debitis. Laudantium ea quis doloribus repudiandae sed magni ut esse.', 2, '2017-12-22 08:53:34', '2017-12-22 08:53:34'),
(10, 40, 'Haskell Lakin', 'Eos autem ipsum voluptate animi similique. In rerum aut laborum est suscipit voluptatem voluptas.', 4, '2017-12-22 08:53:34', '2017-12-22 08:53:34'),
(11, 48, 'Fredy Walsh', 'Quis unde officiis eos. Aut numquam illo sit sed sequi maiores fuga unde. Excepturi voluptatem consequuntur aut nulla. Quaerat ut est repudiandae facilis.', 5, '2017-12-22 08:53:34', '2017-12-22 08:53:34'),
(12, 14, 'Dr. Dorothy Kerluke', 'Placeat odit eos quibusdam in non. Libero sunt quam ut aperiam dolorem est libero explicabo. Fugiat quod omnis esse rem quis atque.', 3, '2017-12-22 08:53:34', '2017-12-22 08:53:34'),
(13, 44, 'Dr. Dayana Runolfsdottir II', 'Non qui temporibus expedita repudiandae rerum. Et est omnis enim et id quis. Ut adipisci quidem in impedit. Vitae nemo accusantium beatae labore hic.', 2, '2017-12-22 08:53:34', '2017-12-22 08:53:34'),
(14, 50, 'Aleen Graham', 'Voluptas non veniam ut ut voluptas sunt. Natus eius delectus reprehenderit omnis et in. Rerum et non deleniti exercitationem eligendi consequatur repellat. Omnis blanditiis tempore nesciunt qui corporis non ut.', 0, '2017-12-22 08:53:34', '2017-12-22 08:53:34'),
(15, 30, 'Dr. Ian Tremblay V', 'Error autem vitae et eum vitae incidunt dolorem. Ab voluptas deserunt aut cupiditate reprehenderit repudiandae. Dolores velit et quia perspiciatis. Autem et eos tenetur saepe aliquid.', 2, '2017-12-22 08:53:34', '2017-12-22 08:53:34'),
(16, 7, 'Mr. Rupert Fay MD', 'Corrupti est aperiam minus suscipit quae est sit quia. Aut aspernatur consequuntur doloremque expedita et omnis. Ipsam suscipit ab nobis corrupti. Hic sequi ratione libero in voluptatem et et. In deserunt pariatur fuga voluptas sint architecto quia.', 0, '2017-12-22 08:53:34', '2017-12-22 08:53:34'),
(17, 44, 'Mr. Tremayne Ritchie', 'Ipsa autem error qui sequi saepe natus et. Aspernatur a tempore officia at libero ipsum repudiandae. Praesentium culpa ut veniam quos omnis blanditiis. Tempore autem sed aliquid et. Itaque quia id sint veritatis.', 3, '2017-12-22 08:53:34', '2017-12-22 08:53:34'),
(18, 48, 'Roxane Swift IV', 'Et voluptatibus non sit odio et. Amet eum suscipit commodi accusamus non labore ipsam. Voluptatem et dolore quia et itaque.', 1, '2017-12-22 08:53:34', '2017-12-22 08:53:34'),
(19, 40, 'Maverick Bradtke', 'Suscipit neque et quis doloremque sint error. Tenetur odio illum voluptatem alias dolores commodi non. Delectus dolorem qui aut maxime et nesciunt. Facilis autem quo eveniet sunt officia est.', 3, '2017-12-22 08:53:34', '2017-12-22 08:53:34'),
(20, 49, 'Nick Pfeffer', 'Aspernatur quo asperiores eius totam asperiores eius. Enim voluptate labore et natus maxime magni sapiente velit. Ipsam qui incidunt et recusandae ipsam voluptas vel.', 2, '2017-12-22 08:53:34', '2017-12-22 08:53:34'),
(21, 14, 'Liliane Lueilwitz', 'Magni molestiae enim quis sunt pariatur quidem nemo. Blanditiis dolor et omnis omnis unde. Culpa iste vitae qui sed doloribus. Fuga fugit quia cupiditate magnam sunt veritatis.', 4, '2017-12-22 08:53:34', '2017-12-22 08:53:34'),
(22, 15, 'Timmothy Jaskolski', 'Beatae omnis consequatur est dignissimos. Eos praesentium occaecati molestiae est est exercitationem ut quia. Ut et placeat omnis et beatae reprehenderit.', 4, '2017-12-22 08:53:34', '2017-12-22 08:53:34'),
(23, 44, 'Mrs. Hulda Lindgren', 'Tempore error et ea dolorum est rerum. Et assumenda voluptatem nesciunt repudiandae. Voluptate qui asperiores ipsum doloremque deserunt.', 3, '2017-12-22 08:53:34', '2017-12-22 08:53:34'),
(24, 48, 'Esperanza Kshlerin', 'Deleniti velit quia sunt. Molestiae blanditiis quo et incidunt. Reiciendis pariatur beatae nam recusandae et dolore porro.', 5, '2017-12-22 08:53:34', '2017-12-22 08:53:34'),
(25, 43, 'Marc Daniel MD', 'Ut quos aut quaerat assumenda odio officia. Non sint eligendi ut sint sunt voluptatem.', 2, '2017-12-22 08:53:34', '2017-12-22 08:53:34'),
(26, 6, 'Madison Wunsch III', 'Pariatur a enim quia. Voluptatem ut nostrum voluptas aut. Et consequuntur et praesentium neque rerum officiis. Voluptatem non quia repellat dicta.', 5, '2017-12-22 08:53:34', '2017-12-22 08:53:34'),
(27, 25, 'Mrs. Kayli Nikolaus', 'Quas enim possimus ab autem hic expedita molestiae. Adipisci est id quo repudiandae. Corporis laudantium at et consequatur doloremque porro doloremque id.', 2, '2017-12-22 08:53:34', '2017-12-22 08:53:34'),
(28, 1, 'Annabel Botsford IV', 'Unde pariatur debitis vel in vitae. Quia maiores quibusdam delectus et tempore dolorem.', 1, '2017-12-22 08:53:34', '2017-12-22 08:53:34'),
(29, 2, 'Russel Bradtke', 'Omnis harum eum et dolorem corporis. Quae praesentium ut similique enim aut incidunt et.', 4, '2017-12-22 08:53:34', '2017-12-22 08:53:34'),
(30, 24, 'Prof. Josue Prosacco', 'Rerum earum quia dolore nihil molestias quia. Facilis voluptatem enim aut enim reiciendis. Quo dolorum ipsa laudantium quam quis. Molestiae dolorem eligendi debitis esse incidunt sit.', 5, '2017-12-22 08:53:34', '2017-12-22 08:53:34'),
(31, 40, 'Mrs. Rossie Blanda V', 'Voluptatem harum at sint tempora sint. Ut ad dolorem sit quam laborum. Rem rerum minus ad quos. Accusantium placeat nulla occaecati perferendis iure. Unde excepturi aut quod quo.', 3, '2017-12-22 08:53:34', '2017-12-22 08:53:34'),
(32, 47, 'Mr. Jamison O\'Conner MD', 'Eaque qui enim nobis labore ipsa omnis. Sint ullam harum est natus maiores rerum. Fuga vero fugiat nulla consectetur totam.', 5, '2017-12-22 08:53:34', '2017-12-22 08:53:34'),
(33, 25, 'Jovan Ankunding', 'Deserunt voluptatem iste nesciunt voluptas hic illo. Iure nesciunt laudantium et rerum dicta perspiciatis. Qui consectetur molestiae dolores eius placeat quaerat voluptatem. Officia sit velit laboriosam sunt. Et fugiat possimus commodi consequatur officiis quasi nobis.', 1, '2017-12-22 08:53:34', '2017-12-22 08:53:34'),
(34, 35, 'Dr. Marcus Rippin', 'Occaecati eligendi facere reprehenderit vel autem est incidunt. Hic asperiores odio eligendi. Quidem non suscipit soluta ipsum voluptatum voluptatum nulla.', 3, '2017-12-22 08:53:34', '2017-12-22 08:53:34'),
(35, 16, 'Ms. Ena Schuppe Sr.', 'Mollitia tenetur accusamus dolorem est. Ex perferendis quis quia enim in iste atque. Nesciunt rerum dolor nulla nobis voluptatum.', 1, '2017-12-22 08:53:35', '2017-12-22 08:53:35'),
(36, 34, 'Nettie Kemmer', 'Adipisci minus consectetur consequatur maiores non veritatis enim. Possimus facilis eveniet ex qui accusantium. Quam et culpa pariatur in.', 2, '2017-12-22 08:53:35', '2017-12-22 08:53:35'),
(37, 1, 'Mr. Jovany Lemke Jr.', 'Dignissimos explicabo autem laboriosam repudiandae temporibus eveniet minus architecto. Magnam quisquam ut qui molestias praesentium. Quod aut dolor minima voluptatem non. Cupiditate nostrum sed voluptates similique. Perspiciatis sunt dolore esse incidunt itaque rerum aut quis.', 5, '2017-12-22 08:53:35', '2017-12-22 08:53:35'),
(38, 8, 'Josefina Buckridge', 'Labore in libero dolore officiis. Dolorem et unde sit et officia. Id suscipit maxime illum dolores voluptatem error qui occaecati. Aut labore quibusdam voluptatem vel pariatur.', 2, '2017-12-22 08:53:35', '2017-12-22 08:53:35'),
(39, 19, 'Brielle King', 'Eos excepturi animi aliquid quae nam qui consequatur. Explicabo libero et veniam ab ut. Eius sapiente aperiam voluptas dolor qui sed.', 1, '2017-12-22 08:53:35', '2017-12-22 08:53:35'),
(40, 48, 'Prof. Pearlie Sanford', 'Illo vel quis sint et. Laboriosam excepturi soluta optio ut ratione iusto. Voluptatibus est dolorem eveniet necessitatibus eum omnis. Fuga explicabo repudiandae quidem consequatur.', 1, '2017-12-22 08:53:35', '2017-12-22 08:53:35'),
(41, 39, 'Mr. Kane Barrows', 'Non nesciunt recusandae rerum enim fugit laboriosam vero quod. Et omnis similique voluptatem optio amet et. Repellat iure optio vitae quae maiores. Facere vel alias facilis rerum magnam. Ipsa qui excepturi nisi et nihil.', 2, '2017-12-22 08:53:35', '2017-12-22 08:53:35'),
(42, 45, 'Perry Tremblay', 'Sed dolorem sed sit et. Enim saepe aut voluptates suscipit tenetur eos atque.', 5, '2017-12-22 08:53:35', '2017-12-22 08:53:35'),
(43, 4, 'Laisha Moen', 'Rerum consequatur delectus non beatae. Laboriosam repellendus dolor exercitationem qui similique est suscipit placeat. Qui illo unde adipisci ducimus accusamus rerum. Voluptate debitis eaque facere tempora nulla quae.', 2, '2017-12-22 08:53:35', '2017-12-22 08:53:35'),
(44, 43, 'Jazmin Ullrich', 'Commodi dolor eveniet temporibus earum quos neque. Et voluptatum porro est iusto. Omnis consequatur dolores nesciunt sapiente.', 3, '2017-12-22 08:53:35', '2017-12-22 08:53:35'),
(45, 47, 'Blaze Lebsack', 'Inventore architecto suscipit quis animi dicta. Labore qui id sed. Sit ut culpa repellat dicta aperiam nam sed. Eos architecto repellendus perferendis unde.', 2, '2017-12-22 08:53:35', '2017-12-22 08:53:35'),
(46, 36, 'Olen Daugherty', 'Pariatur recusandae magnam voluptatem quaerat. Quaerat aut voluptatem dolore soluta sunt sint. Adipisci in accusantium repudiandae dolores. Accusamus neque necessitatibus doloribus exercitationem debitis.', 2, '2017-12-22 08:53:35', '2017-12-22 08:53:35'),
(47, 8, 'Rahsaan Marks', 'Asperiores harum facere dolore quia. Hic sit sed voluptatem debitis atque ipsa. Quo rerum doloremque officia nulla in.', 3, '2017-12-22 08:53:35', '2017-12-22 08:53:35'),
(48, 38, 'Ms. Lyda Buckridge', 'Dolorem fugiat minus excepturi qui sit ipsam et. Et cupiditate non omnis quia cumque. Consequatur natus quasi perferendis molestias magni. Nam minima dolorem exercitationem et magnam consequatur.', 3, '2017-12-22 08:53:35', '2017-12-22 08:53:35'),
(49, 21, 'Harvey Weissnat DDS', 'Iusto optio et sint inventore eum consequatur. Vitae error sed sint dolores voluptas dicta at fuga. Molestias aut quam porro ut dolores sed doloribus.', 5, '2017-12-22 08:53:35', '2017-12-22 08:53:35'),
(50, 16, 'Conrad Orn', 'Fugiat ipsa earum temporibus laboriosam dignissimos sapiente ad. Ullam quia enim in consequuntur facilis non. Earum voluptas provident provident tenetur exercitationem molestias.', 0, '2017-12-22 08:53:35', '2017-12-22 08:53:35'),
(51, 5, 'Winfield Weissnat', 'Corporis alias necessitatibus nesciunt quia laudantium aut ducimus. Voluptas quia explicabo aut eos soluta est molestias. Consequatur sapiente consequuntur omnis. Qui aut qui omnis omnis nam.', 2, '2017-12-22 08:53:35', '2017-12-22 08:53:35'),
(52, 43, 'Ophelia Smith DVM', 'Facere optio saepe quo iusto aut ipsa natus. Provident libero maxime odit dolorem maxime nisi. Dolores nihil maxime est.', 0, '2017-12-22 08:53:36', '2017-12-22 08:53:36'),
(53, 23, 'Ms. Claire Kunde', 'Sunt quo et sequi dolore. Cum pariatur minima dolorum molestias dolor natus. Eum omnis fugit cupiditate rerum blanditiis.', 2, '2017-12-22 08:53:36', '2017-12-22 08:53:36'),
(54, 49, 'Keon Daniel', 'Dolores dolorem sit alias qui sed. Voluptatem beatae laboriosam consequatur id. Voluptates ipsum aut quae repudiandae dolorum corrupti dicta.', 0, '2017-12-22 08:53:36', '2017-12-22 08:53:36'),
(55, 35, 'Ms. Henriette VonRueden', 'Similique et nemo cupiditate repellendus iste dicta accusantium. Maiores ullam ipsum dolor illo cumque est ut suscipit. Nobis molestiae accusantium ipsum aspernatur sit. Eaque corporis ducimus adipisci velit sed a.', 0, '2017-12-22 08:53:36', '2017-12-22 08:53:36'),
(56, 23, 'Cornell Nitzsche', 'Ipsa rem repudiandae illum illo. Est dignissimos fuga magnam sit laudantium. Repellat voluptatibus totam iste assumenda labore.', 1, '2017-12-22 08:53:36', '2017-12-22 08:53:36'),
(57, 19, 'Prof. Judge Hudson III', 'Rem quo vitae pariatur non voluptate et. Dolor omnis aperiam laboriosam sunt at laboriosam repudiandae corporis. Deleniti earum voluptatum facere. Enim quod sed quos consequatur dignissimos saepe.', 2, '2017-12-22 08:53:36', '2017-12-22 08:53:36'),
(58, 34, 'Myrtice Wilderman', 'Officiis eos repellat iusto recusandae sequi adipisci. Optio est quae rem qui in facere sequi necessitatibus. Repudiandae asperiores occaecati dolores. Et odit voluptates eius est eaque voluptas in repellendus.', 2, '2017-12-22 08:53:36', '2017-12-22 08:53:36'),
(59, 36, 'Amber Cummerata V', 'Similique ea eius omnis dolorem incidunt. Quo qui sunt deserunt et rerum. Nam laboriosam neque ad hic inventore distinctio.', 3, '2017-12-22 08:53:36', '2017-12-22 08:53:36'),
(60, 12, 'Herminio Koepp', 'Hic et blanditiis voluptas consequatur dolorem architecto. Rerum beatae at hic nulla voluptatem placeat. Mollitia eos et libero cumque. Labore voluptas aliquid fugit dolorum eveniet. Iste occaecati eum voluptatem omnis iure earum rerum non.', 0, '2017-12-22 08:53:36', '2017-12-22 08:53:36'),
(61, 24, 'Suzanne Lang', 'Laudantium quos voluptatem porro. Doloremque eaque perspiciatis id atque esse enim. Provident sit voluptas qui aut officia in.', 0, '2017-12-22 08:53:36', '2017-12-22 08:53:36'),
(62, 28, 'Alexie Sanford DDS', 'Impedit nemo numquam vero molestiae libero nihil iste. Voluptas consequatur accusamus quas optio odit velit. Iure vel molestiae commodi.', 2, '2017-12-22 08:53:36', '2017-12-22 08:53:36'),
(63, 48, 'Arvel Predovic MD', 'Vero aut quaerat qui quidem impedit. Suscipit placeat harum neque ut eum et. Earum maxime voluptates consequatur ea rerum. Et repellendus quas aspernatur aut libero dignissimos voluptatem.', 0, '2017-12-22 08:53:36', '2017-12-22 08:53:36'),
(64, 28, 'Ms. Josefina Morar', 'Animi dolor ex quia asperiores fuga ipsam. Et fugit architecto ut vel culpa officia. Et aliquid dolor voluptatum aliquam ducimus ullam ut eveniet.', 5, '2017-12-22 08:53:36', '2017-12-22 08:53:36'),
(65, 47, 'Destinee Koelpin Jr.', 'Adipisci ducimus laudantium accusamus quia reprehenderit. Fugiat et veritatis commodi quidem accusantium similique est. Dolor voluptate saepe nisi reprehenderit. At autem et laboriosam dolore accusamus eius.', 1, '2017-12-22 08:53:36', '2017-12-22 08:53:36'),
(66, 42, 'Arjun Casper', 'Reprehenderit qui molestias est nobis. Corrupti sit qui voluptatum voluptatem magnam. Incidunt rerum molestiae quia sit et. Minima velit ipsa libero commodi facere incidunt ipsum.', 1, '2017-12-22 08:53:36', '2017-12-22 08:53:36'),
(67, 24, 'Prof. Edmond Mills', 'Nihil doloremque illum nobis voluptatem ullam nemo corporis. Quo quia ullam quia est voluptatem neque. Qui dolorum qui beatae quo non impedit incidunt incidunt.', 4, '2017-12-22 08:53:36', '2017-12-22 08:53:36'),
(68, 28, 'Jeremy Abshire', 'Ipsum nobis libero non unde commodi. Voluptatum sequi ut reiciendis. Consectetur in deleniti autem quibusdam ducimus dolor. Perspiciatis eveniet facere doloribus dignissimos architecto natus.', 1, '2017-12-22 08:53:36', '2017-12-22 08:53:36'),
(69, 33, 'Mr. Dangelo Johns', 'Quam accusamus ex aperiam eius beatae maxime omnis. Aut reprehenderit quod quibusdam quaerat sed eos sint. Rem reiciendis ea quo dolor non. Consequatur iusto ipsa voluptas.', 1, '2017-12-22 08:53:36', '2017-12-22 08:53:36'),
(70, 13, 'Everette Grant IV', 'Enim quasi odit itaque inventore omnis. Et ut consequatur dolores veritatis nihil. Suscipit laudantium autem sit sit ut cum. Cumque atque eos quia.', 0, '2017-12-22 08:53:36', '2017-12-22 08:53:36'),
(71, 27, 'Matilda Marquardt', 'Atque rem sed nostrum excepturi dolorem sequi laborum. Sunt ea vel perspiciatis enim natus. Quos quidem magni explicabo architecto at beatae sit. Ut distinctio id perspiciatis ratione non. Labore velit optio ipsum voluptatem qui sint sed.', 4, '2017-12-22 08:53:36', '2017-12-22 08:53:36'),
(72, 44, 'Maxie Mosciski III', 'Nobis voluptas voluptatem hic blanditiis. Quia velit molestias quis qui quia. Ad aspernatur necessitatibus cumque dolores. Suscipit consequuntur sunt fugiat quidem omnis.', 2, '2017-12-22 08:53:36', '2017-12-22 08:53:36'),
(73, 19, 'Mrs. Alia Kemmer', 'Et ut quas ut eius rerum officiis. Nam porro itaque velit repudiandae excepturi. Totam aliquam ratione accusamus minus.', 2, '2017-12-22 08:53:36', '2017-12-22 08:53:36'),
(74, 20, 'Arnold Bartoletti', 'Quia quidem voluptatem labore unde rerum ad. Nesciunt et eligendi voluptatibus non dolorem. Rerum cum omnis quibusdam maiores iure velit. Ut minima tempora dignissimos deleniti quia.', 5, '2017-12-22 08:53:36', '2017-12-22 08:53:36'),
(75, 46, 'Evelyn Kautzer', 'Esse veritatis doloribus praesentium autem repudiandae. Sint sed numquam totam illo et suscipit. Unde neque facilis velit omnis qui.', 5, '2017-12-22 08:53:36', '2017-12-22 08:53:36'),
(76, 43, 'Ms. Shea Harvey', 'Sed quibusdam eos eos quidem perspiciatis. Distinctio illum sapiente et tempore earum ut quia.', 3, '2017-12-22 08:53:36', '2017-12-22 08:53:36'),
(77, 10, 'Marina D\'Amore Sr.', 'Doloremque repudiandae iusto error molestiae. Voluptatibus enim quo rerum culpa ut.', 4, '2017-12-22 08:53:36', '2017-12-22 08:53:36'),
(78, 49, 'Mrs. Desiree Jacobson DDS', 'Dolor sint tempore inventore dolor. Repudiandae saepe doloribus aperiam sequi.', 0, '2017-12-22 08:53:36', '2017-12-22 08:53:36'),
(79, 13, 'Josh Kling', 'Eius incidunt architecto repellat. Assumenda omnis temporibus iste vel libero non unde. Voluptatem molestiae inventore ipsum ut rem ullam nihil suscipit.', 3, '2017-12-22 08:53:36', '2017-12-22 08:53:36'),
(80, 3, 'Marcel Hintz', 'Nihil repudiandae ratione excepturi ea. Eveniet atque et voluptatem ut consequatur beatae. Ut qui aperiam ut est impedit molestiae velit.', 2, '2017-12-22 08:53:36', '2017-12-22 08:53:36'),
(81, 1, 'Kristy Weimann', 'Vero laboriosam libero ut qui enim necessitatibus. Ratione quos est amet quam nihil voluptatem debitis. Minima saepe neque illo sunt a.', 3, '2017-12-22 08:53:36', '2017-12-22 08:53:36'),
(82, 44, 'Ansley Turner', 'Praesentium nemo eius quia rerum minima magni. Quo dicta et possimus et magnam aut. Sed et nobis magni quaerat omnis voluptatum. Qui ut reprehenderit assumenda sit.', 5, '2017-12-22 08:53:36', '2017-12-22 08:53:36'),
(83, 13, 'Dr. Jayne Cronin DDS', 'Consequuntur aut voluptatem et voluptatem id. Vero deserunt cupiditate tenetur optio ea. Dignissimos velit asperiores vel sint quidem a commodi.', 1, '2017-12-22 08:53:36', '2017-12-22 08:53:36'),
(84, 7, 'Candace Waelchi', 'Sapiente dicta corrupti aperiam mollitia dolorum velit beatae. Eum blanditiis natus voluptatem. Facere distinctio dolores libero repudiandae. Consequatur consequatur ab neque consectetur quia autem.', 0, '2017-12-22 08:53:36', '2017-12-22 08:53:36'),
(85, 4, 'Halle Zulauf II', 'Et nobis autem autem aut. Quidem dolor et esse eius exercitationem velit qui sunt. Expedita debitis aut rem sed voluptate dignissimos id nam.', 5, '2017-12-22 08:53:36', '2017-12-22 08:53:36'),
(86, 24, 'Shyanne Feest V', 'Inventore veniam consequatur qui molestiae repellendus sit. Ut ut est et est aperiam. Ut nihil dicta voluptas dolorem ex. Illo ipsam autem mollitia minus quia.', 4, '2017-12-22 08:53:36', '2017-12-22 08:53:36'),
(87, 9, 'Dr. Chris Maggio', 'Ut dolorem consequatur sit voluptates doloremque ut. Aut ipsa architecto eius qui et. Aut temporibus reprehenderit id temporibus veritatis officia cumque. Praesentium nisi illo non qui possimus.', 1, '2017-12-22 08:53:36', '2017-12-22 08:53:36'),
(88, 23, 'Sim Purdy', 'Et dolor ipsam consequatur asperiores commodi enim veniam amet. Natus voluptatem minima dignissimos est occaecati tempora. Laborum quibusdam soluta blanditiis illum neque natus sunt.', 3, '2017-12-22 08:53:36', '2017-12-22 08:53:36'),
(89, 1, 'Nedra Hauck', 'Non voluptas ab non nemo. Repellendus officia corporis incidunt et modi.', 5, '2017-12-22 08:53:36', '2017-12-22 08:53:36'),
(90, 37, 'Gwen Prosacco', 'Tempora ea sed esse quas repudiandae. Repudiandae tempore ut delectus et fugit. Veritatis deserunt tenetur necessitatibus cum. Magni delectus dolores quae maiores ea.', 2, '2017-12-22 08:53:36', '2017-12-22 08:53:36'),
(91, 40, 'Dwight Hermann II', 'Necessitatibus ratione esse ut itaque dolorem ut. Quia voluptatum omnis velit non. Aliquam placeat est facere quos et. Inventore voluptas voluptas explicabo ad.', 2, '2017-12-22 08:53:36', '2017-12-22 08:53:36'),
(92, 12, 'Douglas Stoltenberg', 'Voluptatibus sit voluptatem eius dolorum vitae rerum et. Soluta quam reiciendis doloremque fugit. Libero vel sed sunt voluptatem harum earum non. Laudantium earum veritatis magnam qui.', 1, '2017-12-22 08:53:36', '2017-12-22 08:53:36'),
(93, 35, 'Deangelo Robel', 'Ea nihil odit sit voluptates qui eos. Rerum placeat architecto ratione quo tempora est. Deleniti soluta dolore laboriosam minus maxime.', 4, '2017-12-22 08:53:36', '2017-12-22 08:53:36'),
(94, 40, 'Jayden Gorczany', 'Nihil aliquam vero cumque hic ea quaerat minus. Expedita provident rem aperiam. Laudantium minus et id libero.', 3, '2017-12-22 08:53:36', '2017-12-22 08:53:36'),
(95, 30, 'Marianne Mills', 'Explicabo voluptatum vitae iure dolores quasi sapiente ducimus cumque. Qui ipsa qui amet aperiam culpa. Dolor quis omnis sequi nostrum et nemo ea. Deserunt laborum ut qui eum non dolores rerum.', 5, '2017-12-22 08:53:36', '2017-12-22 08:53:36'),
(96, 10, 'Mrs. Estel Wisozk', 'Odio molestias optio nostrum aut. Id eius quis non numquam quia. Harum sit nihil commodi ullam omnis est fuga. Distinctio iure non aut quos consequatur ut voluptatum.', 0, '2017-12-22 08:53:36', '2017-12-22 08:53:36'),
(97, 15, 'Mr. Gregory Runolfsdottir', 'Quae debitis quo aut et ea suscipit fugiat ducimus. Velit non quaerat doloribus accusamus animi quia maxime ipsum. Totam eum rerum officiis doloremque sit. Debitis mollitia odio aut velit quis aperiam officia.', 2, '2017-12-22 08:53:36', '2017-12-22 08:53:36'),
(98, 8, 'Luz Pouros', 'In veritatis similique ut voluptatum non et. Nam vitae tempora consequatur commodi. Ut et qui nemo asperiores non quibusdam minima. Molestiae saepe laborum alias voluptatum veniam ut quia.', 5, '2017-12-22 08:53:36', '2017-12-22 08:53:36'),
(99, 22, 'Roxanne Goyette V', 'Quae maxime voluptatem atque unde quia qui eum. Non aspernatur ea doloremque consequuntur quibusdam quae. Optio voluptas id facere accusantium nulla.', 4, '2017-12-22 08:53:36', '2017-12-22 08:53:36'),
(100, 25, 'Clifford Yost', 'Rerum vero explicabo perferendis sit consequatur nihil error. Quam est neque in. Perspiciatis perspiciatis odit numquam. Quo quo soluta vel aperiam maxime.', 1, '2017-12-22 08:53:36', '2017-12-22 08:53:36'),
(101, 11, 'Prof. Caleb Mosciski PhD', 'Sequi sed quae dicta aut ducimus non quas. Voluptatibus aliquid nesciunt provident omnis non. Facilis tempora exercitationem non omnis quae autem aperiam.', 0, '2017-12-22 08:53:36', '2017-12-22 08:53:36'),
(102, 25, 'Fabian Dach', 'Quae odit nulla commodi et. Quasi eveniet quia harum nam quod labore est. Neque dolores ea sunt. Minima quo eveniet aut dolorum.', 3, '2017-12-22 08:53:36', '2017-12-22 08:53:36'),
(103, 49, 'Edmond Jerde V', 'Error natus inventore accusantium labore nemo atque ducimus vero. Repellat cum beatae numquam quibusdam asperiores sapiente.', 0, '2017-12-22 08:53:37', '2017-12-22 08:53:37'),
(104, 9, 'Anastasia Terry V', 'Facilis qui molestiae quia hic et vel. Ea in molestiae et. Ex pariatur earum sit voluptates autem dolores. Mollitia laboriosam debitis saepe quae. Ea et modi velit.', 4, '2017-12-22 08:53:37', '2017-12-22 08:53:37'),
(105, 39, 'Odie Ullrich Jr.', 'Velit esse ipsum officia consectetur rem excepturi. Dolore dolorem sint sunt officiis sed autem. Error voluptatum inventore occaecati impedit rerum optio. Rem debitis rerum unde ut dignissimos aut voluptatem. Maxime deserunt perspiciatis dolores et.', 0, '2017-12-22 08:53:37', '2017-12-22 08:53:37'),
(106, 44, 'Nikko Hermann', 'Eius non consequatur sed enim voluptate. Dolores dolor distinctio cumque. Eos omnis voluptatem optio aut voluptatem provident et.', 4, '2017-12-22 08:53:37', '2017-12-22 08:53:37'),
(107, 1, 'Unique Dicki', 'Ut quos nihil fuga animi non qui explicabo. Sed odio rerum maxime et deserunt pariatur sint. Consectetur magnam consectetur necessitatibus iste recusandae nesciunt.', 5, '2017-12-22 08:53:37', '2017-12-22 08:53:37'),
(108, 40, 'Marjory Kris Jr.', 'Quia enim et quis iure quibusdam vel. Repudiandae velit repudiandae voluptatum tempora est. Quia fuga nam voluptas a id sunt veritatis dolores. Libero repellat labore a sunt sed.', 1, '2017-12-22 08:53:37', '2017-12-22 08:53:37'),
(109, 35, 'Nasir Ryan', 'Aut saepe omnis beatae vitae corrupti. Dolor et voluptatem provident. Molestiae nemo earum maiores dolor.', 0, '2017-12-22 08:53:37', '2017-12-22 08:53:37'),
(110, 45, 'Lillian Rutherford V', 'Blanditiis nam distinctio molestiae enim. Sunt dolor libero ea non illum quo. Perspiciatis dolorum aperiam qui est illo ut qui.', 0, '2017-12-22 08:53:37', '2017-12-22 08:53:37'),
(111, 40, 'Vivien Hirthe III', 'Sunt repudiandae iste hic animi labore iure itaque et. Est velit libero et ut fugit ullam vel laborum. Reiciendis at quia expedita explicabo dolor distinctio aut.', 4, '2017-12-22 08:53:37', '2017-12-22 08:53:37'),
(112, 40, 'Sven McKenzie Sr.', 'Unde esse eum ab porro earum. Optio commodi ut est officia atque aut voluptatum. Et et non temporibus ut accusamus modi voluptas. Provident dolores perspiciatis quos sed officiis voluptatem corporis. Molestiae quis enim ex eos veniam ut qui.', 5, '2017-12-22 08:53:37', '2017-12-22 08:53:37'),
(113, 36, 'Micah Lang', 'Reiciendis corporis ea fugiat qui dolorem enim vitae. Tempore numquam neque nostrum rerum magni rerum. Quaerat eum optio fugit.', 0, '2017-12-22 08:53:37', '2017-12-22 08:53:37'),
(114, 38, 'Harvey VonRueden', 'Magnam dolore sint voluptatem magnam temporibus. Culpa ut autem quos deleniti id rem. Corrupti nobis consectetur pariatur delectus nostrum molestiae. Et natus vel dolorum est aperiam ex tempore. Eum inventore asperiores laborum.', 2, '2017-12-22 08:53:37', '2017-12-22 08:53:37'),
(115, 14, 'Ms. Tracy Windler DVM', 'Voluptas qui dignissimos eligendi et ipsam. Recusandae consectetur cumque eligendi. Reprehenderit earum et ut repellendus minima nihil impedit. Consequatur provident nulla animi sit in eaque autem.', 0, '2017-12-22 08:53:37', '2017-12-22 08:53:37'),
(116, 16, 'Dusty Orn', 'Dolores et saepe dolore ab blanditiis. Debitis laboriosam suscipit quibusdam. Velit natus fuga perferendis et rerum. Facilis facilis praesentium qui laborum quis voluptates ut.', 5, '2017-12-22 08:53:37', '2017-12-22 08:53:37'),
(117, 16, 'Gino Strosin', 'Libero earum non fuga. Dolor quod voluptas magni assumenda odit nemo. Repellat quisquam id iusto molestiae voluptatem.', 1, '2017-12-22 08:53:37', '2017-12-22 08:53:37'),
(118, 5, 'Arvid Turcotte', 'Rem ullam aut id voluptas saepe omnis qui. Perspiciatis in ut omnis nulla sit ut. Voluptas quia rerum eos expedita omnis esse. Beatae nostrum quis molestias qui quia sint est.', 0, '2017-12-22 08:53:37', '2017-12-22 08:53:37'),
(119, 32, 'Mr. Celestino Labadie II', 'Aut et et fuga officia cupiditate rerum sed. Minima aut illo assumenda consequuntur voluptas. Placeat inventore illum officiis nesciunt. Voluptas quae eos et ipsam voluptates laboriosam dolor.', 4, '2017-12-22 08:53:37', '2017-12-22 08:53:37'),
(120, 50, 'Dennis Renner', 'Similique hic sapiente possimus optio magni omnis nulla. Non et molestias minus officia fugit porro et. Est rerum aut et voluptatem perferendis deserunt. Mollitia ab sequi ad qui.', 1, '2017-12-22 08:53:37', '2017-12-22 08:53:37'),
(121, 27, 'Buddy Corkery V', 'Repudiandae qui ipsam sequi fugit consequatur autem rerum. Assumenda sed qui recusandae id animi consequatur soluta excepturi. Itaque quia eum officiis cum porro id facilis.', 5, '2017-12-22 08:53:37', '2017-12-22 08:53:37'),
(122, 32, 'Sylvia Greenfelder', 'Commodi nemo voluptatibus molestiae autem qui. Qui et molestiae officiis sed. Odit et sit corporis minus officia atque voluptas. Quo adipisci labore nobis qui consequatur rem. Quae incidunt earum debitis nihil.', 1, '2017-12-22 08:53:37', '2017-12-22 08:53:37'),
(123, 50, 'Madelyn Nader Sr.', 'Quia cupiditate nobis velit dolorem corrupti ratione. Minus accusantium dolore fuga quia sequi.', 2, '2017-12-22 08:53:37', '2017-12-22 08:53:37'),
(124, 41, 'Bailee Roob', 'Tenetur explicabo ipsa ipsam nihil. Rem et ex voluptates facere molestiae. Soluta aut nihil repellat consequatur harum aspernatur dolores.', 2, '2017-12-22 08:53:37', '2017-12-22 08:53:37'),
(125, 45, 'Prof. Griffin Kuhn DDS', 'Aut ut incidunt repudiandae natus. Et occaecati omnis fugiat eius nemo a. Et sunt omnis reprehenderit eum recusandae eum qui delectus.', 5, '2017-12-22 08:53:37', '2017-12-22 08:53:37'),
(126, 47, 'Eliane Waters', 'Assumenda fuga ea repellat sit officiis quisquam vel vel. Earum atque rerum voluptatum accusamus. Officia aut architecto est ab. Quo in aut impedit beatae harum repellat. Autem veritatis quia cum et ut enim quasi.', 3, '2017-12-22 08:53:37', '2017-12-22 08:53:37'),
(127, 31, 'Jalen Medhurst', 'At aliquam maiores facilis dolore sit. Est corporis suscipit quis similique dolorum. Aut ea unde illo unde beatae illo eos. Suscipit et est quod.', 1, '2017-12-22 08:53:37', '2017-12-22 08:53:37'),
(128, 5, 'Buck Yundt', 'Occaecati quis sit nulla beatae quam animi culpa. Cupiditate esse nemo quas vitae nesciunt iste. Sint vitae quas et aut voluptatem sed.', 1, '2017-12-22 08:53:37', '2017-12-22 08:53:37'),
(129, 6, 'Krista Stanton', 'Quo et quas porro incidunt error. Velit autem dolore voluptate iure. Laborum vel suscipit odit at.', 4, '2017-12-22 08:53:37', '2017-12-22 08:53:37'),
(130, 14, 'Jeffry Mraz', 'Quo sequi illum fugiat id. Consequatur et iste rem quis sit. Tempore eligendi hic sint aut optio. Non perferendis fuga minus consequatur vitae.', 0, '2017-12-22 08:53:37', '2017-12-22 08:53:37'),
(131, 35, 'Vincenza Rath', 'Voluptatem praesentium fugiat assumenda ut quaerat ea adipisci. Non tempora optio ab quis voluptatibus sit. Rerum dolorem excepturi sunt esse voluptatem ab tempora. Eos eligendi laboriosam modi ratione velit.', 5, '2017-12-22 08:53:37', '2017-12-22 08:53:37'),
(132, 12, 'Craig Klocko', 'Iusto ad consequatur corrupti nihil. Sint labore qui beatae est. Non sint exercitationem sint autem.', 1, '2017-12-22 08:53:37', '2017-12-22 08:53:37'),
(133, 29, 'Prof. Baby Huel Jr.', 'Architecto fugit quos sed. Nulla laudantium asperiores illo quod vitae qui. Quis perferendis quasi quis aut sint deleniti dolorem.', 5, '2017-12-22 08:53:37', '2017-12-22 08:53:37'),
(134, 13, 'Jayme Wisozk', 'Aliquid illo molestias eum velit aut dolorem quibusdam sapiente. Eum aspernatur rem suscipit dolorem aut. Cupiditate reprehenderit recusandae praesentium nesciunt.', 4, '2017-12-22 08:53:37', '2017-12-22 08:53:37'),
(135, 4, 'Dr. Omari Morissette Jr.', 'Quae perferendis quia quidem id cumque ab. Aut tempore labore sint. Repellat ipsa veritatis quo temporibus aut praesentium officia.', 3, '2017-12-22 08:53:37', '2017-12-22 08:53:37'),
(136, 17, 'Daniela Crist', 'Et ad id asperiores consectetur facilis et. Nostrum provident deserunt iusto voluptate non numquam exercitationem. Sed aliquid molestias minima neque.', 3, '2017-12-22 08:53:37', '2017-12-22 08:53:37'),
(137, 40, 'Raymundo Heller', 'Natus alias enim illo veritatis odio. Expedita necessitatibus accusantium voluptatem ut inventore quas id. Vitae autem dolor reprehenderit qui repellendus et.', 2, '2017-12-22 08:53:37', '2017-12-22 08:53:37'),
(138, 10, 'Mable Marvin', 'Ab velit totam ducimus rem dolore est dolor incidunt. Et ullam deleniti architecto in consectetur sunt dolor. Debitis quis numquam voluptate et. Eum nobis et magnam molestiae iste quos.', 5, '2017-12-22 08:53:37', '2017-12-22 08:53:37'),
(139, 46, 'Everett Tillman', 'Iure doloribus quos error voluptas ut consequatur qui. Et voluptatibus nobis quam eveniet ea qui. Voluptatem nihil ut exercitationem. Sint iure veritatis ullam dolorum.', 0, '2017-12-22 08:53:37', '2017-12-22 08:53:37'),
(140, 40, 'Chris Parker', 'Veniam velit voluptate quod ea. Voluptates culpa dolorum aut molestias doloremque et. Illum fuga aut unde reiciendis voluptas repellendus. Consequatur eum eaque accusamus possimus et.', 0, '2017-12-22 08:53:37', '2017-12-22 08:53:37'),
(141, 43, 'Alaina Heidenreich', 'Blanditiis numquam quia eveniet qui. Necessitatibus deserunt ipsa id expedita doloribus. Enim quos quo dolor consequuntur dolor nesciunt repellendus nam.', 5, '2017-12-22 08:53:37', '2017-12-22 08:53:37'),
(142, 15, 'Dr. Eino Rosenbaum MD', 'Laborum asperiores itaque a qui. Facere accusantium quas nulla laudantium asperiores et. Reprehenderit et qui sed minima ea quod facilis.', 2, '2017-12-22 08:53:37', '2017-12-22 08:53:37'),
(143, 10, 'Aliyah Lang', 'Praesentium excepturi adipisci non asperiores consequatur. Natus et vero repudiandae architecto vel. Error quod aperiam voluptatem facilis sint molestiae. Beatae rem adipisci non iste possimus corrupti.', 2, '2017-12-22 08:53:37', '2017-12-22 08:53:37'),
(144, 12, 'Tyreek Howell', 'Sunt quo pariatur id quam. Et maxime qui quas nostrum blanditiis nobis fugit. Numquam aut eligendi asperiores eos et animi. Placeat eius facere voluptatum odit.', 0, '2017-12-22 08:53:37', '2017-12-22 08:53:37'),
(145, 27, 'Ms. Giovanna Lynch PhD', 'Ea rerum molestiae placeat amet et eum. Nulla iure qui et voluptate. Iusto quo nisi et laboriosam magni. Cum nobis qui est et ut.', 4, '2017-12-22 08:53:37', '2017-12-22 08:53:37'),
(146, 39, 'Mozelle Koch', 'Et enim sunt sunt dolor nisi est. Quis nihil nostrum molestiae est qui ut.', 2, '2017-12-22 08:53:37', '2017-12-22 08:53:37'),
(147, 42, 'Mr. Humberto Grady', 'Tempora ratione quo dolorum sunt modi. Quibusdam illum ipsa sunt reiciendis non. Id minima et laudantium rerum amet nihil aut.', 5, '2017-12-22 08:53:37', '2017-12-22 08:53:37'),
(148, 3, 'Juliana Rempel', 'Fugit aspernatur at ea praesentium a libero vitae. Est suscipit expedita earum. Ut et unde assumenda magnam.', 5, '2017-12-22 08:53:37', '2017-12-22 08:53:37'),
(149, 40, 'Justine Pacocha PhD', 'In aut ea esse qui et ipsa. Autem illum voluptas et. Et accusamus distinctio facere. Enim porro officia quibusdam delectus eum cupiditate aut.', 1, '2017-12-22 08:53:37', '2017-12-22 08:53:37'),
(150, 21, 'Mrs. Elinore Smitham Sr.', 'Corporis omnis et autem eaque tenetur ex. Sint vitae laboriosam consequatur rem repellat voluptate. Et ipsum mollitia dicta aut maxime.', 2, '2017-12-22 08:53:37', '2017-12-22 08:53:37'),
(151, 34, 'Mr. Isaac Dicki', 'Quidem quo rerum est hic vel dolor. Sint qui voluptate enim cum. Odio quaerat ea et explicabo. Maiores aut consectetur natus et voluptas qui voluptatum.', 4, '2017-12-22 08:53:37', '2017-12-22 08:53:37'),
(152, 1, 'Oswaldo Hyatt III', 'Eligendi placeat suscipit eveniet est fugit officiis. Veritatis sed aliquam modi sed exercitationem ipsa ullam. Quia et at explicabo impedit consequatur. In enim aut nisi libero.', 3, '2017-12-22 08:53:37', '2017-12-22 08:53:37'),
(153, 48, 'Zechariah Fisher', 'Voluptas rem sit sunt sapiente exercitationem quia. Nihil dolorem molestias sit numquam quidem porro. Repellat vel hic quasi sequi voluptatem et laudantium magnam.', 3, '2017-12-22 08:53:37', '2017-12-22 08:53:37'),
(154, 34, 'Morris Lakin V', 'Asperiores eligendi doloribus quo quas sed et. Corporis sequi libero voluptatem adipisci sunt omnis labore. Vitae mollitia sint velit architecto ipsam voluptate nihil animi. Quia quia a nisi. Sed minus sed ducimus consectetur esse magnam dolores est.', 2, '2017-12-22 08:53:37', '2017-12-22 08:53:37'),
(155, 3, 'Prof. Minerva Kirlin', 'Et voluptatem nulla et molestiae ut. Perferendis qui saepe aspernatur possimus sed. Cum laudantium eveniet laboriosam aut dolores officia non.', 0, '2017-12-22 08:53:38', '2017-12-22 08:53:38'),
(156, 6, 'Vivien McLaughlin', 'Aut inventore odio nam vel consequuntur consequuntur. Incidunt ea ut in quae.', 3, '2017-12-22 08:53:38', '2017-12-22 08:53:38'),
(157, 12, 'Verona Graham', 'Corrupti aut tenetur dignissimos natus. Doloremque molestiae eum veniam perferendis cupiditate. Placeat aliquam eos omnis molestiae aut. Itaque dicta cupiditate officia quidem repellendus. Accusantium maiores laboriosam quia itaque quia minima dolor.', 0, '2017-12-22 08:53:38', '2017-12-22 08:53:38'),
(158, 4, 'Miss Petra Thompson', 'Ut autem qui recusandae fugit consequatur. Et dolor quasi pariatur tempora dolores. Minus accusantium voluptatum odit quis aspernatur. Quisquam ut totam non blanditiis autem.', 4, '2017-12-22 08:53:38', '2017-12-22 08:53:38'),
(159, 36, 'Mr. Javonte Rempel', 'Odit aut nulla aut qui magnam nihil ut. Non temporibus quia omnis hic consequatur molestias. Velit et fugit voluptatem a enim quia.', 4, '2017-12-22 08:53:38', '2017-12-22 08:53:38'),
(160, 3, 'Dakota Smith', 'Ea et aspernatur ipsum velit et ea eos. Laboriosam id sunt a ad et. Et voluptatem aperiam illo eos eos laborum.', 1, '2017-12-22 08:53:38', '2017-12-22 08:53:38'),
(161, 35, 'Ray Morar', 'Fugiat cupiditate soluta dolor asperiores consequatur deserunt. Quia veritatis similique at. Sequi non laboriosam autem totam. Laborum sed doloribus rerum quia ipsa ratione fuga.', 1, '2017-12-22 08:53:38', '2017-12-22 08:53:38'),
(162, 14, 'Janae Heathcote', 'Recusandae voluptas quos accusantium soluta quam assumenda sed. Et blanditiis nobis ullam voluptates neque. Nihil ad sunt expedita aut repudiandae sint. Iure natus ut aliquid aut culpa dolor unde. Odit quae nam id ut est a.', 4, '2017-12-22 08:53:38', '2017-12-22 08:53:38'),
(163, 21, 'Jensen Larkin II', 'Et consequatur voluptas earum iure accusantium. Aut quia consequatur sed itaque velit vel. Distinctio omnis doloremque provident. Qui quia id aspernatur sint reprehenderit modi.', 2, '2017-12-22 08:53:38', '2017-12-22 08:53:38'),
(164, 40, 'Alayna O\'Keefe', 'Quis velit reiciendis itaque at neque. Praesentium quidem velit id aut. Velit cupiditate maxime voluptatem tenetur maxime omnis dolores. Nesciunt voluptas voluptatem dolores reprehenderit aliquid consequatur perferendis.', 4, '2017-12-22 08:53:38', '2017-12-22 08:53:38'),
(165, 12, 'Arlie Herman', 'Quas reiciendis ipsam ad. Voluptatum totam perferendis nulla cumque et qui nesciunt. Ducimus vitae quae velit corporis reiciendis exercitationem aliquid. In sit aut distinctio qui nihil dolor voluptas.', 5, '2017-12-22 08:53:38', '2017-12-22 08:53:38'),
(166, 12, 'Columbus Windler', 'Alias ducimus est eum dolores dignissimos et ut. Dignissimos sed voluptas et. Ex id nemo ad quis ea sed perspiciatis. Qui voluptatem veritatis asperiores officia accusamus vel numquam.', 4, '2017-12-22 08:53:38', '2017-12-22 08:53:38'),
(167, 26, 'Sedrick Jacobs', 'Qui quam sit suscipit rerum aut accusamus ea. Dolor qui voluptatem necessitatibus veritatis pariatur eaque. Animi est quasi omnis. Eveniet non dolorum qui sint debitis quo.', 4, '2017-12-22 08:53:38', '2017-12-22 08:53:38'),
(168, 49, 'Valentine Stroman', 'Dolores suscipit molestiae corporis architecto corporis sunt maxime soluta. Et nostrum quam sed omnis odio ex. Quae quibusdam saepe et magni neque atque molestias. Quam voluptatem laborum eum.', 4, '2017-12-22 08:53:38', '2017-12-22 08:53:38'),
(169, 14, 'Prof. Letitia Stokes', 'Qui soluta voluptas veritatis a quia id aut rem. Alias odit nobis rerum. Et veritatis id aut natus odit eos dolorem et.', 0, '2017-12-22 08:53:38', '2017-12-22 08:53:38'),
(170, 12, 'Mrs. Agnes McDermott IV', 'Nesciunt quasi qui delectus laborum aspernatur laboriosam dolorem. Quia sint rem non provident ut. Sit culpa perspiciatis ullam sint sed dolorem atque autem. Praesentium facilis asperiores omnis et officiis non iste eos.', 5, '2017-12-22 08:53:38', '2017-12-22 08:53:38'),
(171, 24, 'Virgie Conroy', 'Qui sapiente temporibus expedita soluta possimus expedita soluta. Ratione ex expedita exercitationem dignissimos sint iure. Rerum quasi ut ut. Sapiente et omnis aut voluptatem.', 2, '2017-12-22 08:53:38', '2017-12-22 08:53:38'),
(172, 32, 'Elena Heller DVM', 'Maxime asperiores ea et vitae aperiam aut et. Porro qui totam voluptatem perspiciatis quia corporis ipsa blanditiis. Nobis quasi in quia in excepturi esse.', 1, '2017-12-22 08:53:38', '2017-12-22 08:53:38'),
(173, 24, 'Ezequiel Predovic', 'Sunt qui optio consequuntur sapiente corporis. Qui ab reiciendis atque. Esse asperiores tempora nulla rerum.', 0, '2017-12-22 08:53:38', '2017-12-22 08:53:38'),
(174, 23, 'Ressie Jast', 'Aut alias et rem natus. Est nemo illo quasi iure temporibus adipisci. Quis distinctio harum reprehenderit consequatur quas natus.', 2, '2017-12-22 08:53:38', '2017-12-22 08:53:38'),
(175, 4, 'Rodrick Tremblay', 'Non ipsam voluptate quae qui id dolor commodi illo. Non qui dolorum et atque placeat veniam corporis. Ducimus nesciunt cum dolorem nobis eveniet voluptas. Aut commodi autem recusandae porro.', 4, '2017-12-22 08:53:38', '2017-12-22 08:53:38'),
(176, 20, 'Prof. Enola Renner IV', 'Fugiat eos excepturi pariatur omnis. Commodi laudantium hic vero est. Autem nam molestiae ut vel neque recusandae non.', 5, '2017-12-22 08:53:38', '2017-12-22 08:53:38'),
(177, 7, 'Pink Shields', 'Et quis sunt odit sed expedita atque. Qui sed libero eveniet minus libero. Animi tempore itaque natus sed qui.', 1, '2017-12-22 08:53:38', '2017-12-22 08:53:38'),
(178, 28, 'Everette Barton', 'Quae repellendus et esse quaerat eius ipsa. Sit reiciendis aliquam unde ut molestias debitis. Tempore illo totam nostrum maiores.', 5, '2017-12-22 08:53:38', '2017-12-22 08:53:38'),
(179, 2, 'Jerome O\'Keefe', 'Et aut deserunt fugiat dicta. Voluptas vero id velit voluptatum. Maiores voluptatibus et voluptas est ea natus vitae.', 0, '2017-12-22 08:53:38', '2017-12-22 08:53:38'),
(180, 39, 'Miss Kenya Pfannerstill PhD', 'Aut officiis culpa voluptatibus cum odit et. Ea blanditiis assumenda debitis eaque voluptatem veniam ullam. Optio laboriosam delectus esse iusto voluptas reprehenderit.', 3, '2017-12-22 08:53:38', '2017-12-22 08:53:38'),
(181, 39, 'Ms. Hanna Schuster Sr.', 'Atque ducimus ut sit explicabo. Iusto molestias deserunt suscipit id et temporibus. Aliquid dolores quia vel voluptates quas.', 3, '2017-12-22 08:53:38', '2017-12-22 08:53:38'),
(182, 49, 'Kayla Smith', 'Eligendi rerum hic hic deserunt sed et. Beatae quidem qui odit ut maxime. Impedit recusandae odio voluptatem esse non aut non rerum. Omnis necessitatibus nam expedita tempora magni beatae aut.', 0, '2017-12-22 08:53:38', '2017-12-22 08:53:38'),
(183, 19, 'Dr. Milan Botsford Jr.', 'Ut sed numquam quo. Et numquam velit modi. Sit quis enim totam rem ea. Numquam id nihil velit eum enim.', 4, '2017-12-22 08:53:38', '2017-12-22 08:53:38'),
(184, 47, 'Miss Tina Brown MD', 'Neque est voluptatem voluptates laudantium exercitationem sed. Porro necessitatibus aut sed nihil. Quos quo esse quod sed eveniet molestias. Architecto tempora quis assumenda.', 0, '2017-12-22 08:53:38', '2017-12-22 08:53:38'),
(185, 20, 'Lynn Jacobs Jr.', 'Nemo quaerat quia odit vel optio sed recusandae. Earum sapiente error aut dignissimos repudiandae optio accusantium. Rerum dignissimos maxime non aut aut harum et. Consequuntur et non facilis.', 3, '2017-12-22 08:53:38', '2017-12-22 08:53:38'),
(186, 6, 'Prof. Ismael Parker', 'Ab et quia dolore fugit quisquam. Non et eum quia nihil natus vel at. A rerum odio maxime velit sit voluptates. Rem at quas sed nisi.', 5, '2017-12-22 08:53:38', '2017-12-22 08:53:38'),
(187, 38, 'Berniece Ebert', 'Ratione praesentium tenetur dicta earum. Recusandae sunt expedita sit nisi ex soluta. Ducimus amet odit dolorem ex. Eos amet sunt minus illo.', 5, '2017-12-22 08:53:39', '2017-12-22 08:53:39'),
(188, 29, 'Judge Sipes', 'Eum omnis optio qui porro placeat eum. Ab tempora et repellendus minima. Corrupti rerum quas ad dolorem modi. Recusandae quas nihil perspiciatis unde deleniti. Aut dolorem dolor voluptatem dignissimos facere dolor corporis.', 5, '2017-12-22 08:53:39', '2017-12-22 08:53:39'),
(189, 47, 'Rylee Kassulke', 'Ex eos assumenda harum suscipit. Sed ea nisi voluptas possimus quibusdam et. Veritatis magni harum aut distinctio sint dolore. Laborum et dolor expedita expedita quam maiores ut.', 1, '2017-12-22 08:53:39', '2017-12-22 08:53:39'),
(190, 17, 'Mrs. Sandy Dare', 'Inventore iste itaque illum quia. Quae itaque praesentium asperiores quasi aut perspiciatis.', 4, '2017-12-22 08:53:39', '2017-12-22 08:53:39'),
(191, 43, 'Dr. Linnie West III', 'Rem praesentium et quia. Sapiente aut at magni quia et. Doloribus aperiam quam iusto numquam nostrum. Similique dolores consectetur consequatur et. Nostrum suscipit ipsam ipsam ducimus ullam repellendus.', 1, '2017-12-22 08:53:39', '2017-12-22 08:53:39'),
(192, 35, 'Mrs. Cleora Wiegand', 'Repudiandae beatae nihil qui est doloribus dolorum. Itaque quis recusandae voluptate. Architecto dolor autem maiores.', 1, '2017-12-22 08:53:39', '2017-12-22 08:53:39'),
(193, 47, 'Deja Fadel', 'Illo sit omnis omnis in. Necessitatibus suscipit velit iusto voluptatem et. Voluptatem sit a enim perferendis. Aut molestias fugit numquam temporibus enim.', 4, '2017-12-22 08:53:39', '2017-12-22 08:53:39'),
(194, 14, 'Dolly Schaden', 'Reiciendis perferendis totam atque veritatis. Sint voluptatum et nostrum quod voluptatum saepe ut. Voluptatem ut maiores voluptatum quidem repudiandae. Animi accusantium rerum modi fugiat cupiditate.', 2, '2017-12-22 08:53:39', '2017-12-22 08:53:39'),
(195, 27, 'Easton Mertz', 'Iure facilis nesciunt maiores voluptatem rem a quod aut. Porro totam qui sed repellat. Est voluptatum repudiandae cumque magnam omnis quis.', 4, '2017-12-22 08:53:39', '2017-12-22 08:53:39'),
(196, 1, 'Mrs. Molly Glover', 'Fugit eum et et eum consequatur cupiditate at. Voluptatem voluptas delectus quia. Qui sit eum ullam.', 3, '2017-12-22 08:53:39', '2017-12-22 08:53:39'),
(197, 40, 'Tessie Franecki', 'Ducimus iure id doloremque dolor amet. Aut omnis distinctio delectus tempora asperiores. Perferendis consequatur architecto nulla eum sequi. Quis ut repudiandae ducimus aut maiores.', 0, '2017-12-22 08:53:39', '2017-12-22 08:53:39'),
(198, 44, 'Claudia Padberg', 'Tenetur numquam sint quo laudantium. Consequatur voluptatem aut vel sunt voluptatem quae excepturi veniam. Aut quisquam et corrupti nam qui vitae qui.', 5, '2017-12-22 08:53:39', '2017-12-22 08:53:39'),
(199, 20, 'Ima Marvin DDS', 'Voluptas possimus quidem consequuntur et praesentium molestias quia. Dolorum voluptas eveniet quisquam deserunt provident repellat. Temporibus et qui optio sequi repudiandae.', 0, '2017-12-22 08:53:39', '2017-12-22 08:53:39'),
(200, 2, 'Yasmin Aufderhar', 'Modi non enim nostrum. Suscipit cum provident molestiae eligendi qui aut. Eum quis unde ut deserunt. Autem architecto esse esse.', 2, '2017-12-22 08:53:39', '2017-12-22 08:53:39'),
(201, 37, 'Mekhi Streich Jr.', 'Eligendi consequatur nisi non debitis nostrum velit. Velit in aut quia reprehenderit id. Soluta cumque necessitatibus sequi odit minima modi quia. Velit quod quos ea sit. Maxime harum quae alias minus pariatur veritatis excepturi aperiam.', 5, '2017-12-22 08:53:39', '2017-12-22 08:53:39'),
(202, 42, 'Dr. Gerard Marvin IV', 'Facilis recusandae harum repellendus quia explicabo molestiae. Omnis velit at doloribus nihil. Quod repellat dolorem dolor velit minus. Consequuntur qui aut quaerat voluptates.', 1, '2017-12-22 08:53:39', '2017-12-22 08:53:39'),
(203, 1, 'Cesar Mueller DDS', 'Magni numquam magni deleniti officia natus. Est asperiores commodi fugiat quo quam corporis recusandae. Sit veritatis voluptatem atque et excepturi quos eum minus. Nobis laborum corporis quam fugit ea. Id ex iusto ex aut quam quis.', 4, '2017-12-22 08:53:39', '2017-12-22 08:53:39'),
(204, 47, 'Aurore Lindgren', 'Exercitationem quisquam et doloremque et sit voluptatibus et. Voluptatem non distinctio delectus vel quaerat. Expedita fugit harum voluptatibus ut.', 1, '2017-12-22 08:53:39', '2017-12-22 08:53:39'),
(205, 37, 'Mrs. Aubree Torphy', 'Optio nesciunt consequatur quaerat tenetur est sint. Sed ut officiis eligendi autem dolorem. Consequatur incidunt non et id. Ab voluptas omnis eius dolorem.', 4, '2017-12-22 08:53:39', '2017-12-22 08:53:39'),
(206, 25, 'Dr. Antwon Ondricka I', 'Autem dolorum excepturi sed totam tempore dolorum dolores in. Culpa nobis consequuntur eum praesentium provident porro. Consequuntur est est perspiciatis fugiat nihil consequuntur. Nulla expedita impedit voluptatum commodi quidem ipsum voluptas.', 2, '2017-12-22 08:53:39', '2017-12-22 08:53:39'),
(207, 48, 'Anabelle Schmidt', 'Facere adipisci temporibus dolorum doloribus nam. Rem quod quia voluptate. Cumque sunt et magnam sunt non.', 1, '2017-12-22 08:53:39', '2017-12-22 08:53:39'),
(208, 45, 'Miss Aimee Witting Jr.', 'Aut sint quia et molestias voluptatibus. Maxime quo fuga earum nulla consequuntur. Impedit repellat corporis porro enim. Illum est est ullam perspiciatis debitis eaque sequi.', 3, '2017-12-22 08:53:39', '2017-12-22 08:53:39');
INSERT INTO `reviews` (`id`, `product_id`, `customer`, `review`, `star`, `created_at`, `updated_at`) VALUES
(209, 27, 'Esmeralda O\'Conner', 'Commodi dolores molestias sit ut error quia enim delectus. Debitis ut blanditiis nisi distinctio repellat. Ex hic veniam inventore enim sequi quibusdam. Quasi aut repudiandae laudantium est quae in nisi vel.', 3, '2017-12-22 08:53:39', '2017-12-22 08:53:39'),
(210, 13, 'Loraine Langosh', 'Laboriosam debitis quis labore unde. Non quasi natus animi sunt fugiat vel deleniti. Debitis cupiditate libero ut non iusto.', 4, '2017-12-22 08:53:39', '2017-12-22 08:53:39'),
(211, 46, 'Antwan Jacobson', 'Possimus fugit rerum enim et quia vel nihil. Eos ea est doloribus aperiam fuga nemo ut. Ex velit accusantium facilis. Eaque facilis aliquam non est a.', 0, '2017-12-22 08:53:39', '2017-12-22 08:53:39'),
(212, 33, 'Miss Cordia Mayert IV', 'Provident laudantium autem dicta sapiente commodi qui voluptas. Sit at voluptas dignissimos corrupti. Aut consequatur et ratione dignissimos qui qui.', 5, '2017-12-22 08:53:39', '2017-12-22 08:53:39'),
(213, 8, 'Ellis Jacobs', 'Quaerat vitae architecto est hic. Dolor quo voluptas ullam ducimus dolorem et est. Praesentium hic aut accusamus. Molestiae quod eveniet saepe itaque. Molestias aliquid eum inventore ex.', 2, '2017-12-22 08:53:39', '2017-12-22 08:53:39'),
(214, 15, 'Alfredo Dickinson', 'Saepe sint ducimus ratione eius. Minima esse ipsa eum nihil veniam molestias aut. Consequatur non rerum voluptatem quibusdam. Optio quod voluptatem odit voluptatum.', 0, '2017-12-22 08:53:39', '2017-12-22 08:53:39'),
(215, 26, 'Alicia McCullough MD', 'Eos rem eveniet nihil et. Corrupti tenetur beatae porro atque in iste vel enim. Nam in delectus eum eos optio rerum. Et a accusantium odio sit unde iste. Officia voluptatem quas cumque culpa molestiae repudiandae.', 0, '2017-12-22 08:53:39', '2017-12-22 08:53:39'),
(216, 24, 'Furman Schoen', 'Pariatur pariatur qui et adipisci vero et. Ducimus molestiae soluta quae qui est atque repellendus ratione. Vitae a ab rerum.', 5, '2017-12-22 08:53:39', '2017-12-22 08:53:39'),
(217, 11, 'Paris Bashirian Sr.', 'Consequatur animi sunt eveniet officia expedita in. Quos excepturi recusandae voluptas ex. Et molestiae aut rerum qui numquam sit quisquam atque.', 4, '2017-12-22 08:53:39', '2017-12-22 08:53:39'),
(218, 30, 'Miss Kailey Buckridge', 'Omnis voluptatem ut tenetur illum debitis natus officiis. Vero qui enim sit corrupti. Quas quia porro suscipit iusto eos.', 1, '2017-12-22 08:53:39', '2017-12-22 08:53:39'),
(219, 33, 'Sabina Langosh', 'Culpa molestiae atque possimus saepe sed deleniti saepe. Odit ut incidunt soluta repudiandae. Rerum possimus cupiditate qui aut est.', 4, '2017-12-22 08:53:39', '2017-12-22 08:53:39'),
(220, 8, 'Saul Morissette II', 'Optio dolor blanditiis earum expedita consequatur. Quaerat non odio beatae sed facilis pariatur. A similique officia neque ut dignissimos nam et quas.', 4, '2017-12-22 08:53:39', '2017-12-22 08:53:39'),
(221, 9, 'Janick Wisozk', 'Voluptate et voluptatem laboriosam. Nihil cumque incidunt rerum sunt saepe doloribus. Sed commodi quis minima voluptates cupiditate eius. Nisi dicta libero voluptate voluptate illum explicabo in. Ab natus repudiandae optio dolorum provident quia.', 4, '2017-12-22 08:53:39', '2017-12-22 08:53:39'),
(222, 30, 'Prof. Audrey Stracke PhD', 'Fuga quod nemo in id dolor sint. Quidem architecto occaecati sint reiciendis mollitia. Id et in corporis quia. Voluptatem deleniti tempore et.', 2, '2017-12-22 08:53:39', '2017-12-22 08:53:39'),
(223, 40, 'Cicero Nikolaus', 'Debitis sed et ab fugiat beatae consequatur molestiae. Excepturi aut asperiores reprehenderit quia facilis quos. Et non laudantium laboriosam.', 3, '2017-12-22 08:53:39', '2017-12-22 08:53:39'),
(224, 15, 'Jimmy Mitchell', 'Praesentium quasi ut ut necessitatibus. Harum accusamus architecto libero tempora. Quia quas autem quis et atque et.', 2, '2017-12-22 08:53:39', '2017-12-22 08:53:39'),
(225, 16, 'Elmore Kunde Jr.', 'Quis rem est et magnam cupiditate dolore. Voluptatum ut minus laborum voluptatibus libero. Vel quo necessitatibus quidem velit velit quia. Qui alias et quod fugiat.', 3, '2017-12-22 08:53:39', '2017-12-22 08:53:39'),
(226, 6, 'Arden Marvin I', 'Veritatis quo illum eos voluptas et vel. Maiores voluptates saepe et consequuntur. Et officia eos eum aliquid.', 4, '2017-12-22 08:53:39', '2017-12-22 08:53:39'),
(227, 2, 'Pink Prohaska', 'Autem rerum magni sed possimus corrupti sunt. Eum qui est qui. Facere nisi quibusdam ipsum.', 0, '2017-12-22 08:53:39', '2017-12-22 08:53:39'),
(228, 21, 'Mr. Tristian Mueller I', 'Nisi est esse laudantium quisquam natus ut. Omnis minus impedit enim quo eos maxime reprehenderit. Vel corrupti aliquam quisquam. Voluptatum rerum error eaque in reiciendis id.', 3, '2017-12-22 08:53:39', '2017-12-22 08:53:39'),
(229, 49, 'Mayra Hegmann', 'Reprehenderit nulla perferendis laboriosam quidem. Nesciunt nemo voluptas aperiam asperiores. Iste quam asperiores ipsa id voluptas non.', 5, '2017-12-22 08:53:39', '2017-12-22 08:53:39'),
(230, 43, 'Emory Carter IV', 'Velit quia quia doloribus omnis voluptas illo. Consectetur enim quidem magnam dolore quaerat quam quia.', 1, '2017-12-22 08:53:39', '2017-12-22 08:53:39'),
(231, 50, 'Germaine Langosh', 'Cumque rerum sed facilis aut architecto molestiae. Accusamus voluptates quis distinctio assumenda unde facere. Quibusdam et in vero similique omnis et odio. Non veniam quod quod debitis rerum ipsam nisi.', 2, '2017-12-22 08:53:39', '2017-12-22 08:53:39'),
(232, 23, 'Maynard Flatley', 'Qui fugit architecto est dolorum. Laboriosam facilis iure reiciendis. Et voluptates rerum voluptatem fuga voluptatem sint temporibus.', 1, '2017-12-22 08:53:39', '2017-12-22 08:53:39'),
(233, 39, 'Mr. Skye Steuber', 'Quidem sit in eligendi a provident pariatur. Natus non maxime praesentium et nobis tenetur et quas. Molestiae sed aliquid labore soluta iusto. Quibusdam voluptate nesciunt ratione vitae. Quae sed omnis rerum nisi earum omnis rerum.', 5, '2017-12-22 08:53:39', '2017-12-22 08:53:39'),
(234, 40, 'Geoffrey Terry', 'Est maiores deserunt accusantium qui. Ex culpa incidunt necessitatibus ullam dolorum deleniti quasi. Voluptas eveniet aut tenetur facere dolor repudiandae repellat.', 5, '2017-12-22 08:53:39', '2017-12-22 08:53:39'),
(235, 2, 'Prof. Elwyn Tillman', 'Illum corporis maxime ullam omnis illo sapiente placeat. Exercitationem dolorum odit ut minima. Aut deleniti ea sequi nesciunt dignissimos ut modi. Adipisci non velit vero voluptatem. Officiis dolores autem cum eligendi quia incidunt saepe corrupti.', 3, '2017-12-22 08:53:39', '2017-12-22 08:53:39'),
(236, 22, 'Alycia McClure', 'Commodi odit ut qui quas dignissimos. Libero non dolore quia sint nesciunt minima sequi vel. Ut ipsum at mollitia fugit. Sit maiores minima aliquid maxime quisquam.', 5, '2017-12-22 08:53:39', '2017-12-22 08:53:39'),
(237, 23, 'Prof. Deanna Considine', 'Ad aliquid rerum sapiente. Magni a animi eum impedit expedita nobis asperiores. Amet illo accusamus occaecati explicabo quam ea ut.', 4, '2017-12-22 08:53:39', '2017-12-22 08:53:39'),
(238, 50, 'Una Collier', 'Sed ut dolorum sit et. Explicabo eum sint cum est nihil deserunt. Delectus ex doloremque neque dolores. Nihil aliquam omnis laudantium voluptatem sequi consequatur.', 4, '2017-12-22 08:53:39', '2017-12-22 08:53:39'),
(239, 39, 'Prof. Drake Pouros MD', 'Atque sit ut saepe itaque dolorem. Qui et deserunt dolor quia nemo delectus. Id distinctio ratione fuga vel ea.', 0, '2017-12-22 08:53:39', '2017-12-22 08:53:39'),
(240, 4, 'Ms. Adeline Adams', 'Nihil nam earum dolorem omnis qui est. Inventore illo cumque laboriosam quod architecto eos. Impedit enim autem officia quam. Vel vel hic sunt et.', 3, '2017-12-22 08:53:39', '2017-12-22 08:53:39'),
(241, 32, 'Mr. Javonte Weimann Sr.', 'Est minima et nesciunt quod eos voluptas perferendis. Eum et nihil dolorum voluptatem facilis est et. Qui exercitationem unde officiis accusamus numquam.', 0, '2017-12-22 08:53:39', '2017-12-22 08:53:39'),
(242, 50, 'Lilyan Gusikowski', 'Neque odio nam dolorem consequatur qui. At tempora recusandae quia quis. Est quis eaque error et et et reiciendis.', 4, '2017-12-22 08:53:39', '2017-12-22 08:53:39'),
(243, 15, 'Esta Satterfield', 'Voluptatibus sit quaerat deleniti suscipit officiis sequi aliquam necessitatibus. Animi non aliquam et aut est. Rerum est dolorem harum inventore nemo facilis. Enim neque provident natus quidem ratione repudiandae.', 5, '2017-12-22 08:53:39', '2017-12-22 08:53:39'),
(244, 2, 'Dr. Hubert Schmitt DVM', 'Odit inventore in voluptas repudiandae enim eos. Eligendi tempore non sunt quia et veniam iste sit.', 4, '2017-12-22 08:53:39', '2017-12-22 08:53:39'),
(245, 12, 'Madonna Dicki', 'Perspiciatis error molestiae aliquid quia. Atque tempore harum at at autem dolore sit. Corporis rerum sequi consectetur aliquam. Esse rerum error est consectetur ea ullam delectus.', 0, '2017-12-22 08:53:39', '2017-12-22 08:53:39'),
(246, 42, 'Buddy Kovacek', 'Veniam dolorem molestias dolor quo. Et molestiae aut explicabo impedit. Incidunt ut nam eaque tempore voluptates quis harum alias. Animi sit illum reiciendis deserunt. Quo animi in qui voluptatem.', 3, '2017-12-22 08:53:39', '2017-12-22 08:53:39'),
(247, 26, 'Dr. Garth Lang DVM', 'Qui doloremque illo quia ab. Quo et expedita dolor ipsam. Et est est dicta excepturi quaerat. Veritatis et dolore et sunt vitae.', 5, '2017-12-22 08:53:40', '2017-12-22 08:53:40'),
(248, 36, 'Prof. Hazel Swift', 'Natus quia ut ut temporibus facilis sit corporis. Ut nihil sed adipisci est perferendis fugiat. Enim tempore quidem non et rerum.', 1, '2017-12-22 08:53:40', '2017-12-22 08:53:40'),
(249, 13, 'Stephania Hudson PhD', 'Nostrum omnis debitis illo sint. Aut veritatis animi sed. Necessitatibus quod ratione cum pariatur mollitia sunt est.', 1, '2017-12-22 08:53:40', '2017-12-22 08:53:40'),
(250, 2, 'Sanford Bartell I', 'Alias eos quo et sint. Iste impedit saepe reiciendis. Deserunt odio voluptatibus est.', 3, '2017-12-22 08:53:40', '2017-12-22 08:53:40'),
(251, 15, 'Tatum Herman', 'Iusto sit aliquam ipsa vel soluta doloremque nihil dignissimos. Veniam placeat nostrum iusto molestias. Nihil nihil accusantium autem officiis.', 2, '2017-12-22 08:53:40', '2017-12-22 08:53:40'),
(252, 31, 'Miss Tiana Kunde II', 'Error aut provident non exercitationem. Qui veritatis illum vel minima corporis. A cumque illo corrupti eveniet quos molestiae.', 5, '2017-12-22 08:53:40', '2017-12-22 08:53:40'),
(253, 37, 'Kianna Lebsack', 'Non libero magni quisquam distinctio veniam laboriosam. Excepturi ut eum ut necessitatibus in ratione est. Numquam atque officia vel inventore repellat. Ipsa dolores veniam atque officia sequi.', 4, '2017-12-22 08:53:40', '2017-12-22 08:53:40'),
(254, 16, 'Lauriane Deckow', 'Sed est beatae eveniet commodi. Facere id veritatis numquam illum. Voluptates non reprehenderit quos. Qui unde mollitia in autem aperiam aperiam eveniet.', 3, '2017-12-22 08:53:40', '2017-12-22 08:53:40'),
(255, 27, 'Maximo Rowe', 'Consectetur perspiciatis voluptatem libero nesciunt. Vel quibusdam voluptas quo ut sed. Nisi explicabo velit laudantium velit consequatur.', 4, '2017-12-22 08:53:40', '2017-12-22 08:53:40'),
(256, 38, 'Emily Hahn', 'Nam veritatis eveniet quo itaque a magni esse voluptatem. Sunt assumenda dignissimos neque nulla nemo inventore tenetur. Dolor qui cum pariatur fugiat exercitationem nisi.', 3, '2017-12-22 08:53:40', '2017-12-22 08:53:40'),
(257, 13, 'Joey Bernhard', 'Nihil quia doloribus qui. Non optio non beatae rerum consectetur ea laudantium. Voluptatem soluta qui et. Nulla totam sapiente optio vitae. Assumenda nemo ducimus dolores praesentium quia voluptas nulla.', 3, '2017-12-22 08:53:40', '2017-12-22 08:53:40'),
(258, 19, 'Neal Terry', 'Rerum similique iste voluptas dolor. Inventore beatae quo provident. Aut praesentium aliquam dolores deserunt quaerat praesentium.', 1, '2017-12-22 08:53:40', '2017-12-22 08:53:40'),
(259, 21, 'Prof. Jermey Jacobson III', 'Commodi voluptatem omnis quasi ut praesentium impedit. Eligendi temporibus impedit aut aspernatur et. Quas consequuntur aut et enim illo doloremque illum.', 1, '2017-12-22 08:53:40', '2017-12-22 08:53:40'),
(260, 25, 'Brain Dickens', 'Ut quas laborum tempora voluptas. Ipsam ratione sapiente temporibus voluptatibus pariatur harum. In doloribus asperiores est qui ut molestias. Velit eius est amet laboriosam.', 2, '2017-12-22 08:53:40', '2017-12-22 08:53:40'),
(261, 38, 'Prof. Leda Wyman DDS', 'Corporis mollitia quia accusamus velit ratione eum. Quibusdam aut at doloribus ea.', 0, '2017-12-22 08:53:40', '2017-12-22 08:53:40'),
(262, 3, 'Dr. Deshawn Carroll', 'Consectetur veniam officia hic. Consequatur et illum totam labore. Blanditiis nostrum qui minima occaecati repudiandae. Magni vel aut sed dolor tempora.', 5, '2017-12-22 08:53:40', '2017-12-22 08:53:40'),
(263, 24, 'Prof. Chad Walsh', 'Est repellat odio occaecati architecto quasi accusantium dolorem. Exercitationem aut odio magni et pariatur sed sit. Laudantium libero eveniet eos labore et omnis eum qui. Praesentium velit reiciendis sit esse iure repudiandae.', 0, '2017-12-22 08:53:40', '2017-12-22 08:53:40'),
(264, 46, 'Tressie Quitzon', 'Et itaque soluta id est quia similique aliquid. Ullam corrupti numquam soluta amet necessitatibus laboriosam. Odit et quidem eligendi illum cumque consequatur.', 3, '2017-12-22 08:53:40', '2017-12-22 08:53:40'),
(265, 2, 'Lori Bailey', 'Neque quos sunt aut officia assumenda repellat aut ipsum. Asperiores et eos aut at velit. Et cum ea voluptatibus ratione quas. Sint deleniti eligendi numquam dolorem.', 1, '2017-12-22 08:53:40', '2017-12-22 08:53:40'),
(266, 32, 'Shaylee Schmidt', 'Dolor molestiae et quam distinctio eos. Nisi doloremque quae aut alias delectus. Voluptatem iste ut perferendis et.', 4, '2017-12-22 08:53:40', '2017-12-22 08:53:40'),
(267, 40, 'Ava Morar', 'Ratione mollitia non ex deserunt quam veniam. Quos autem omnis optio rerum in. Officiis fugit dignissimos dicta id sed.', 1, '2017-12-22 08:53:40', '2017-12-22 08:53:40'),
(268, 28, 'Hershel Considine', 'Doloremque cum iste pariatur et at quia. Aut quis in hic mollitia qui. Voluptatum magnam aliquam perferendis omnis incidunt ad voluptas.', 4, '2017-12-22 08:53:40', '2017-12-22 08:53:40'),
(269, 26, 'Dr. Reed Greenfelder', 'Debitis et asperiores quis ullam ut et voluptatem ut. Est dignissimos sint rerum quam. Impedit quibusdam explicabo dignissimos culpa. Quo voluptatum unde dolor quia ipsa sit aut. Aut hic culpa sit quae voluptas autem sunt.', 3, '2017-12-22 08:53:40', '2017-12-22 08:53:40'),
(270, 24, 'Zechariah Deckow', 'Natus voluptate quas voluptatem suscipit soluta. Sunt tempore eos id similique ut omnis perspiciatis dolorem. Sit est eveniet dolor fuga nihil.', 0, '2017-12-22 08:53:40', '2017-12-22 08:53:40'),
(271, 9, 'Shaniya Flatley Sr.', 'Commodi molestiae dolor similique incidunt velit ut voluptatem. Magnam eos odio porro ducimus. Soluta nemo aliquid voluptas. Vel perspiciatis praesentium et commodi quia illo.', 5, '2017-12-22 08:53:40', '2017-12-22 08:53:40'),
(272, 26, 'Irwin Stokes IV', 'Accusamus amet soluta cupiditate accusantium. Sequi placeat eos vel et. Adipisci et consequatur pariatur voluptatem aut facilis. Excepturi sint dignissimos et rem facere dignissimos animi quibusdam.', 3, '2017-12-22 08:53:40', '2017-12-22 08:53:40'),
(273, 30, 'Eleazar Considine', 'Et dicta minima ipsum illum aspernatur dicta. In nisi nihil debitis odit sed fugit esse. Qui voluptas minus optio quod.', 5, '2017-12-22 08:53:40', '2017-12-22 08:53:40'),
(274, 37, 'Tomasa Morar', 'Molestiae nihil aut sed et optio praesentium. Magni animi natus alias corporis ad. Nihil qui commodi ab adipisci.', 2, '2017-12-22 08:53:40', '2017-12-22 08:53:40'),
(275, 24, 'Sammie Batz', 'Dolor eos voluptatem deserunt a consequuntur commodi a veniam. Eius tempora vel quidem fugiat mollitia et.', 2, '2017-12-22 08:53:40', '2017-12-22 08:53:40'),
(276, 3, 'Freeda Kiehn', 'Numquam autem dolores qui aut. Cumque saepe esse dolores animi esse aliquid. Quidem qui est aut et enim.', 4, '2017-12-22 08:53:40', '2017-12-22 08:53:40'),
(277, 46, 'Dr. Janelle Bauch III', 'Reprehenderit tempore mollitia quam. Magni rerum autem qui et autem. Eius voluptas placeat et facilis dignissimos doloribus vel. Nulla rerum omnis qui quam maiores voluptatum.', 3, '2017-12-22 08:53:40', '2017-12-22 08:53:40'),
(278, 8, 'Rosemarie Ankunding', 'Enim et autem ut et nulla velit. Laboriosam expedita dolor eligendi debitis quo aut recusandae. Autem nulla ut et dolore dolor magnam et recusandae. Quisquam ad aut cupiditate. Quidem minima possimus similique est rerum natus.', 2, '2017-12-22 08:53:40', '2017-12-22 08:53:40'),
(279, 44, 'Prof. Kathlyn Bergnaum', 'Sequi error deleniti magnam voluptatem ipsum. Iure et quis ex aut et. Laudantium et voluptas aut at.', 4, '2017-12-22 08:53:40', '2017-12-22 08:53:40'),
(280, 12, 'Calista Brown', 'Nihil autem aut nihil molestiae vel quis nihil quidem. Odio qui iusto nesciunt deserunt quidem cupiditate nihil. Aliquid ut eligendi error ex animi.', 5, '2017-12-22 08:53:40', '2017-12-22 08:53:40'),
(281, 25, 'Esther Johnson', 'Est omnis sit deleniti tempora perspiciatis. Odit ea labore labore quibusdam aperiam laboriosam. Asperiores cum non molestias eveniet eius voluptates eligendi. Accusamus excepturi sed sed doloremque ut possimus nihil.', 3, '2017-12-22 08:53:40', '2017-12-22 08:53:40'),
(282, 8, 'Megane Flatley', 'Totam amet dolores quae ducimus et maiores nostrum. Illum error doloribus tenetur. Nihil et sunt et eveniet. Ratione ipsum fugit quis et repudiandae perferendis.', 1, '2017-12-22 08:53:40', '2017-12-22 08:53:40'),
(283, 36, 'Arvid Renner', 'Aut dolorem dolore nisi ullam reprehenderit. Minima quia dolorum dolores saepe. Minus unde commodi velit voluptas inventore eos voluptatem. Alias vel inventore magnam sit tempora distinctio.', 2, '2017-12-22 08:53:41', '2017-12-22 08:53:41'),
(284, 8, 'Violette Carroll Sr.', 'Quia quo praesentium suscipit eius facilis sit. Quidem aut soluta repellat error natus a odit. Error quia maxime necessitatibus officia dolorum rerum ut error. Eligendi molestias et voluptate doloremque ipsa quam.', 1, '2017-12-22 08:53:41', '2017-12-22 08:53:41'),
(285, 11, 'Nicolette McDermott', 'Quibusdam corporis at dolores dolores asperiores. Laudantium eum delectus qui porro. Fuga nobis ea modi.', 1, '2017-12-22 08:53:41', '2017-12-22 08:53:41'),
(286, 48, 'Kendrick Koepp', 'Odit provident commodi fugiat vero. Voluptatem quisquam enim animi omnis nihil nobis qui. Qui repudiandae praesentium sed in harum harum repellat.', 0, '2017-12-22 08:53:41', '2017-12-22 08:53:41'),
(287, 18, 'Brooke Gutmann', 'Autem aut quaerat sint aut omnis laborum. Minima in esse quia similique possimus dolores. Occaecati est quod eos commodi architecto dolor.', 4, '2017-12-22 08:53:41', '2017-12-22 08:53:41'),
(288, 18, 'Miss Lila Gulgowski', 'Sequi sunt omnis sunt est repellendus sunt explicabo. Officiis fugiat quas et eum. Omnis eligendi nulla voluptatibus officia blanditiis. Voluptas architecto quaerat deserunt aut nihil.', 3, '2017-12-22 08:53:41', '2017-12-22 08:53:41'),
(289, 23, 'Mrs. Wendy Nienow', 'Saepe facere alias dignissimos suscipit dolor minus quis. Non est et natus assumenda quia et itaque.', 4, '2017-12-22 08:53:41', '2017-12-22 08:53:41'),
(290, 46, 'Genevieve Schulist', 'Rerum facilis quidem iure commodi. Cum optio qui autem aut nisi. Aperiam quisquam aperiam et quia.', 0, '2017-12-22 08:53:41', '2017-12-22 08:53:41'),
(291, 3, 'Mr. Muhammad Okuneva DDS', 'Eos cupiditate ut quas sint enim. Sapiente sint accusantium voluptatem illum. Omnis est qui aut vero omnis officiis. Aut cum velit eligendi quis eligendi numquam dolores.', 2, '2017-12-22 08:53:41', '2017-12-22 08:53:41'),
(292, 41, 'Gavin Klein', 'Vel aut rerum voluptatibus impedit nisi. Atque labore vitae quisquam velit rerum ut.', 4, '2017-12-22 08:53:41', '2017-12-22 08:53:41'),
(293, 4, 'Prof. Bethel Conn IV', 'Perferendis necessitatibus accusantium quia et quae. Culpa impedit enim minus vel laboriosam voluptatem non quia. Quia impedit minima quia dignissimos.', 2, '2017-12-22 08:53:41', '2017-12-22 08:53:41'),
(294, 8, 'Emma Ernser', 'Et eius sit excepturi. Fugiat sit neque voluptas placeat soluta qui exercitationem. Assumenda fugit consequatur consectetur.', 5, '2017-12-22 08:53:41', '2017-12-22 08:53:41'),
(295, 25, 'Daren Beatty', 'Id aut quis dolores consequatur. Quidem rerum est est ut ea. Debitis fugiat in aliquam et. Occaecati aut qui qui repellendus quo voluptatem.', 4, '2017-12-22 08:53:41', '2017-12-22 08:53:41'),
(296, 19, 'Antonietta Rath V', 'Iusto culpa reprehenderit alias voluptate necessitatibus qui similique velit. Fugit iusto incidunt sequi facere perspiciatis autem. Tempora provident omnis quis et dolor. Voluptates cupiditate velit id porro corporis facilis facere in. Aut distinctio modi qui est possimus omnis et.', 2, '2017-12-22 08:53:41', '2017-12-22 08:53:41'),
(297, 2, 'Anika Marks', 'Voluptatum ex doloremque enim iusto et quia. Saepe optio fugit sit qui a iste.', 3, '2017-12-22 08:53:41', '2017-12-22 08:53:41'),
(298, 32, 'Gerardo Cormier', 'Molestiae ad numquam non iste ex provident. Illo labore officiis nesciunt vero voluptas. Quia qui atque voluptatem asperiores. Voluptatem est ut sed reprehenderit sunt possimus sit.', 2, '2017-12-22 08:53:41', '2017-12-22 08:53:41'),
(299, 36, 'Kraig Barrows', 'Rerum ipsum perferendis voluptatem aliquid expedita. Harum ea perferendis et. In sequi debitis autem quibusdam placeat dolores. Voluptas quod voluptatum vel distinctio omnis tempora. Aut eum quia nihil iusto illum corrupti laboriosam.', 0, '2017-12-22 08:53:41', '2017-12-22 08:53:41'),
(300, 5, 'Kristofer Sporer', 'Dignissimos ea non sint dolor sequi consequatur qui. Suscipit ipsam ipsa quidem animi. Deserunt consequatur aut sint labore. Est odit explicabo dicta aut blanditiis modi architecto.', 5, '2017-12-22 08:53:41', '2017-12-22 08:53:41');

-- --------------------------------------------------------

--
-- Table structure for table `users`
--

CREATE TABLE `users` (
  `id` int(10) UNSIGNED NOT NULL,
  `name` varchar(255) COLLATE utf8mb4_unicode_ci NOT NULL,
  `email` varchar(255) COLLATE utf8mb4_unicode_ci NOT NULL,
  `password` varchar(255) COLLATE utf8mb4_unicode_ci NOT NULL,
  `remember_token` varchar(100) COLLATE utf8mb4_unicode_ci DEFAULT NULL,
  `created_at` timestamp NULL DEFAULT NULL,
  `updated_at` timestamp NULL DEFAULT NULL
) ENGINE=InnoDB DEFAULT CHARSET=utf8mb4 COLLATE=utf8mb4_unicode_ci;

--
-- Indexes for dumped tables
--

--
-- Indexes for table `migrations`
--
ALTER TABLE `migrations`
  ADD PRIMARY KEY (`id`);

--
-- Indexes for table `products`
--
ALTER TABLE `products`
  ADD PRIMARY KEY (`id`);

--
-- Indexes for table `reviews`
--
ALTER TABLE `reviews`
  ADD PRIMARY KEY (`id`),
  ADD KEY `reviews_product_id_index` (`product_id`);

--
-- Indexes for table `users`
--
ALTER TABLE `users`
  ADD PRIMARY KEY (`id`);

--
-- AUTO_INCREMENT for dumped tables
--

--
-- AUTO_INCREMENT for table `migrations`
--
ALTER TABLE `migrations`
  MODIFY `id` int(10) UNSIGNED NOT NULL AUTO_INCREMENT, AUTO_INCREMENT=3;

--
-- AUTO_INCREMENT for table `products`
--
ALTER TABLE `products`
  MODIFY `id` int(10) UNSIGNED NOT NULL AUTO_INCREMENT, AUTO_INCREMENT=51;

--
-- AUTO_INCREMENT for table `reviews`
--
ALTER TABLE `reviews`
  MODIFY `id` int(10) UNSIGNED NOT NULL AUTO_INCREMENT, AUTO_INCREMENT=301;

--
-- AUTO_INCREMENT for table `users`
--
ALTER TABLE `users`
  MODIFY `id` int(10) UNSIGNED NOT NULL AUTO_INCREMENT;

--
-- Constraints for dumped tables
--

--
-- Constraints for table `reviews`
--
ALTER TABLE `reviews`
  ADD CONSTRAINT `reviews_product_id_foreign` FOREIGN KEY (`product_id`) REFERENCES `products` (`id`) ON DELETE CASCADE;
COMMIT;

/*!40101 SET CHARACTER_SET_CLIENT=@OLD_CHARACTER_SET_CLIENT */;
/*!40101 SET CHARACTER_SET_RESULTS=@OLD_CHARACTER_SET_RESULTS */;
/*!40101 SET COLLATION_CONNECTION=@OLD_COLLATION_CONNECTION */;
